EventID,Magnitude,MagnitudeGroup,Place,TimeUTC,EventTime,DayUTC,Depth_km,Longitude,Latitude,ReviewStatus,MagnitudeType,USGS_URL,Source,SnapshotUTC
us6000tzka,3.2,2.5 to <4.5,off the coast of Oregon,2026-10-04T18:56:14Z,1791140174005,2026-10-04,10,-129.1453,44.2452,reviewed,ml,https://earthquake.usgs.gov/earthquakes/eventpage/us6000tzka,USGS Earthquake Hazards Program,2026-10-04T19:51:31Z
us6000tzjy,4.2,2.5 to <4.5,"21 km E of Feke, Turkey",2026-10-04T17:28:13Z,1791134893722,2026-10-04,11.956,36.1523,37.7789,reviewed,mwr,https://earthquake.usgs.gov/earthquakes/eventpage/us6000tzjy,USGS Earthquake Hazards Program,2026-10-04T19:51:31Z
us6000tzjw,4.4,2.5 to <4.5,"13 km N of Xunchang, China",2026-10-04T17:19:53Z,1791134393148,2026-10-04,10,104.7108,28.5785,reviewed,mb,https://earthquake.usgs.gov/earthquakes/eventpage/us6000tzjw,USGS Earthquake Hazards Program,2026-10-04T19:51:31Z
nn00925269,2.52,2.5 to <4.5,"36 km ESE of Mina, Nevada",2026-10-04T16:47:25Z,1791132445790,2026-10-04,4.1361,-117.7635,38.2097,automatic,ml,https://earthquake.usgs.gov/earthquakes/eventpage/nn00925269,USGS Earthquake Hazards Program,2026-10-04T19:51:31Z
aka2026trbbuc,3,2.5 to <4.5,"62 km WNW of Elfin Cove, Alaska",2026-10-04T16:30:36Z,1791131436607,2026-10-04,5,-137.235,58.51,automatic,ml,https://earthquake.usgs.gov/earthquakes/eventpage/aka2026trbbuc,USGS Earthquake Hazards Program,2026-10-04T19:51:31Z
us6000tzjn,4.3,2.5 to <4.5,"20 km ESE of Feke, Turkey",2026-10-04T16:00:26Z,1791129626211,2026-10-04,10,36.1388,37.7748,reviewed,mb,https://earthquake.usgs.gov/earthquakes/eventpage/us6000tzjn,USGS Earthquake Hazards Program,2026-10-04T19:51:31Z
aka2026tqyehr,2.5,2.5 to <4.5,"60 km SSE of Perryville, Alaska",2026-10-04T15:03:30Z,1791126210731,2026-10-04,27.6,-158.759,55.418,automatic,ml,https://earthquake.usgs.gov/earthquakes/eventpage/aka2026tqyehr,USGS Earthquake Hazards Program,2026-10-04T19:51:31Z
us6000tzjg,4.2,2.5 to <4.5,"65 km SW of Tambolaka, Indonesia",2026-10-04T14:59:44Z,1791125984179,2026-10-04,25.554,118.8554,-9.8792,reviewed,mb,https://earthquake.usgs.gov/earthquakes/eventpage/us6000tzjg,USGS Earthquake Hazards Program,2026-10-04T19:51:31Z
us6000tzj9,2.9,2.5 to <4.5,"31 km SSE of Hope, New Mexico",2026-10-04T14:09:56Z,1791122996506,2026-10-04,5,-104.6295,32.5442,reviewed,ml,https://earthquake.usgs.gov/earthquakes/eventpage/us6000tzj9,USGS Earthquake Hazards Program,2026-10-04T19:51:31Z
us6000tzj8,5,4.5 to <6,"295 km S of Burica, Panama",2026-10-04T14:06:10Z,1791122770385,2026-10-04,10,-82.7171,5.3695,reviewed,mww,https://earthquake.usgs.gov/earthquakes/eventpage/us6000tzj8,USGS Earthquake Hazards Program,2026-10-04T19:51:31Z
aka2026tqvifo,3.4,2.5 to <4.5,"56 km W of Akhiok, Alaska",2026-10-04T13:38:07Z,1791121087206,2026-10-04,65.3,-155.084,57.033,automatic,ml,https://earthquake.usgs.gov/earthquakes/eventpage/aka2026tqvifo,USGS Earthquake Hazards Program,2026-10-04T19:51:31Z
aka2026tquwqe,2.6,2.5 to <4.5,"18 km WNW of Clam Gulch, Alaska",2026-10-04T13:24:48Z,1791120288891,2026-10-04,70.4,-151.695,60.301,automatic,ml,https://earthquake.usgs.gov/earthquakes/eventpage/aka2026tquwqe,USGS Earthquake Hazards Program,2026-10-04T19:51:31Z
aka2026tqtplt,3.4,2.5 to <4.5,"14 km SSE of Funny River, Alaska",2026-10-04T12:46:30Z,1791117990522,2026-10-04,68.2,-150.666,60.381,automatic,ml,https://earthquake.usgs.gov/earthquakes/eventpage/aka2026tqtplt,USGS Earthquake Hazards Program,2026-10-04T19:51:31Z
us6000tziz,4.6,4.5 to <6,"110 km S of Dampit, Indonesia",2026-10-04T12:36:47Z,1791117407744,2026-10-04,52.773,112.6395,-9.2014,reviewed,mb,https://earthquake.usgs.gov/earthquakes/eventpage/us6000tziz,USGS Earthquake Hazards Program,2026-10-04T19:51:31Z
ci41342975,2.7,2.5 to <4.5,"48 km SW of Primo Tapia, B.C., MX",2026-10-04T12:18:15Z,1791116295060,2026-10-04,16.02,-117.2305,31.8803333333333,reviewed,ml,https://earthquake.usgs.gov/earthquakes/eventpage/ci41342975,USGS Earthquake Hazards Program,2026-10-04T19:51:31Z
us6000tzis,4.2,2.5 to <4.5,"77 km ESE of Ollagüe, Chile",2026-10-04T12:07:53Z,1791115673879,2026-10-04,169.095,-67.5431,-21.4303,reviewed,mb,https://earthquake.usgs.gov/earthquakes/eventpage/us6000tzis,USGS Earthquake Hazards Program,2026-10-04T19:51:31Z
us6000tzip,5,4.5 to <6,"21 km ESE of Feke, Turkey",2026-10-04T11:43:23Z,1791114203167,2026-10-04,10,36.1272,37.7292,reviewed,mww,https://earthquake.usgs.gov/earthquakes/eventpage/us6000tzip,USGS Earthquake Hazards Program,2026-10-04T19:51:31Z
us6000tzil,4.7,4.5 to <6,"22 km E of Feke, Turkey",2026-10-04T11:36:26Z,1791113786451,2026-10-04,10,36.1685,37.7757,reviewed,mww,https://earthquake.usgs.gov/earthquakes/eventpage/us6000tzil,USGS Earthquake Hazards Program,2026-10-04T19:51:31Z
us6000tzif,4.7,4.5 to <6,"21 km SSE of Saimbeyli, Turkey",2026-10-04T11:19:26Z,1791112766314,2026-10-04,10,36.1749,37.8028,reviewed,mww,https://earthquake.usgs.gov/earthquakes/eventpage/us6000tzif,USGS Earthquake Hazards Program,2026-10-04T19:51:31Z
us6000tzid,5.5,4.5 to <6,"Volcano Islands, Japan region",2026-10-04T11:12:48Z,1791112368270,2026-10-04,10,144.6734,22.8286,reviewed,mb,https://earthquake.usgs.gov/earthquakes/eventpage/us6000tzid,USGS Earthquake Hazards Program,2026-10-04T19:51:31Z
us6000tzic,4.6,4.5 to <6,"121 km SW of Kokopo, Papua New Guinea",2026-10-04T11:09:47Z,1791112187398,2026-10-04,162.143,151.4257,-5.0439,reviewed,mb,https://earthquake.usgs.gov/earthquakes/eventpage/us6000tzic,USGS Earthquake Hazards Program,2026-10-04T19:51:31Z
us6000tzi8,4.8,4.5 to <6,"43 km N of Ruteng, Indonesia",2026-10-04T10:52:27Z,1791111147344,2026-10-04,10,120.5325,-8.2236,reviewed,mb,https://earthquake.usgs.gov/earthquakes/eventpage/us6000tzi8,USGS Earthquake Hazards Program,2026-10-04T19:51:31Z
us6000tzi5,5,4.5 to <6,"37 km N of Ruteng, Indonesia",2026-10-04T10:13:07Z,1791108787298,2026-10-04,10,120.4532,-8.2698,reviewed,mb,https://earthquake.usgs.gov/earthquakes/eventpage/us6000tzi5,USGS Earthquake Hazards Program,2026-10-04T19:51:31Z
aka2026tqmmzk,2.9,2.5 to <4.5,"41 km NNE of Ambler, Alaska",2026-10-04T09:13:45Z,1791105225974,2026-10-04,0.8,-157.345,67.4,automatic,ml,https://earthquake.usgs.gov/earthquakes/eventpage/aka2026tqmmzk,USGS Earthquake Hazards Program,2026-10-04T19:51:31Z
pr2026277001,3.99,2.5 to <4.5,"3 km SW of Punta Cana, Dominican Republic",2026-10-04T08:59:26Z,1791104366420,2026-10-04,141,-68.4311,18.5571,reviewed,md,https://earthquake.usgs.gov/earthquakes/eventpage/pr2026277001,USGS Earthquake Hazards Program,2026-10-04T19:51:31Z
us6000tzhy,4.3,2.5 to <4.5,"42 km WNW of Puerto Bolívar, Ecuador",2026-10-04T08:57:21Z,1791104241555,2026-10-04,42.93,-80.326,-3.0707,reviewed,mb,https://earthquake.usgs.gov/earthquakes/eventpage/us6000tzhy,USGS Earthquake Hazards Program,2026-10-04T19:51:31Z
pr71535688,3.01,2.5 to <4.5,"68 km N of Charlotte Amalie, U.S. Virgin Islands",2026-10-04T08:20:24Z,1791102024570,2026-10-04,21.74,-64.924,18.9618333333333,reviewed,md,https://earthquake.usgs.gov/earthquakes/eventpage/pr71535688,USGS Earthquake Hazards Program,2026-10-04T19:51:31Z
pr71535683,3.38,2.5 to <4.5,"89 km NNE of Cruz Bay, U.S. Virgin Islands",2026-10-04T08:11:21Z,1791101481000,2026-10-04,9.46,-64.5201666666667,19.0931666666667,reviewed,md,https://earthquake.usgs.gov/earthquakes/eventpage/pr71535683,USGS Earthquake Hazards Program,2026-10-04T19:51:31Z
us6000tzh0,4.6,4.5 to <6,"121 km WNW of Chauk, Burma (Myanmar)",2026-10-04T05:55:06Z,1791093306861,2026-10-04,58.258,93.7503,21.3382,reviewed,mb,https://earthquake.usgs.gov/earthquakes/eventpage/us6000tzh0,USGS Earthquake Hazards Program,2026-10-04T19:51:31Z
aka2026tqdcgd,2.6,2.5 to <4.5,"9 km NE of Skwentna, Alaska",2026-10-04T04:31:28Z,1791088288295,2026-10-04,90.1,-151.258,62.045,automatic,ml,https://earthquake.usgs.gov/earthquakes/eventpage/aka2026tqdcgd,USGS Earthquake Hazards Program,2026-10-04T19:51:31Z
pr71535643,2.51,2.5 to <4.5,"5 km WSW of Guánica, Puerto Rico",2026-10-04T03:14:44Z,1791083684990,2026-10-04,7.6,-66.9531666666667,17.9581666666667,reviewed,md,https://earthquake.usgs.gov/earthquakes/eventpage/pr71535643,USGS Earthquake Hazards Program,2026-10-04T19:51:31Z
pr71535638,3.25,2.5 to <4.5,"64 km NNE of Cruz Bay, U.S. Virgin Islands",2026-10-04T03:10:56Z,1791083456550,2026-10-04,16.89,-64.4615,18.816,reviewed,md,https://earthquake.usgs.gov/earthquakes/eventpage/pr71535638,USGS Earthquake Hazards Program,2026-10-04T19:51:31Z
pr71535613,3.33,2.5 to <4.5,"65 km NNE of Cruz Bay, U.S. Virgin Islands",2026-10-04T03:08:37Z,1791083317010,2026-10-04,9.64,-64.487,18.8438333333333,reviewed,md,https://earthquake.usgs.gov/earthquakes/eventpage/pr71535613,USGS Earthquake Hazards Program,2026-10-04T19:51:31Z
aka2026tpxzfg,3.5,2.5 to <4.5,"32 km N of Fishhook, Alaska",2026-10-04T01:58:07Z,1791079087580,2026-10-04,18.7,-149.233,62.032,reviewed,ml,https://earthquake.usgs.gov/earthquakes/eventpage/aka2026tpxzfg,USGS Earthquake Hazards Program,2026-10-04T19:51:31Z
us6000tzg0,4.9,4.5 to <6,South Sandwich Islands region,2026-10-04T01:47:52Z,1791078472030,2026-10-04,10,-23.3522,-58.1594,reviewed,mb,https://earthquake.usgs.gov/earthquakes/eventpage/us6000tzg0,USGS Earthquake Hazards Program,2026-10-04T19:51:31Z
us6000tzfv,4.9,4.5 to <6,"21 km NE of Lae, Papua New Guinea",2026-10-04T01:38:46Z,1791077926078,2026-10-04,94.221,147.1353,-6.5916,reviewed,mb,https://earthquake.usgs.gov/earthquakes/eventpage/us6000tzfv,USGS Earthquake Hazards Program,2026-10-04T19:51:31Z
us6000tzfr,4.3,2.5 to <4.5,"5 km SSW of Zonianá, Greece",2026-10-04T00:48:41Z,1791074921995,2026-10-04,10,24.8055,35.2454,reviewed,mb,https://earthquake.usgs.gov/earthquakes/eventpage/us6000tzfr,USGS Earthquake Hazards Program,2026-10-04T19:51:31Z
us6000tzfg,5.3,4.5 to <6,"81 km SSW of Banda Aceh, Indonesia",2026-10-03T23:37:34Z,1791070654235,2026-10-03,56.274,95.1622,4.8247,reviewed,mww,https://earthquake.usgs.gov/earthquakes/eventpage/us6000tzfg,USGS Earthquake Hazards Program,2026-10-04T19:51:31Z
us6000tzf7,4.5,4.5 to <6,"293 km SSE of Tabiauan, Philippines",2026-10-03T23:14:35Z,1791069275782,2026-10-03,575.042,122.9296,3.5895,reviewed,mb,https://earthquake.usgs.gov/earthquakes/eventpage/us6000tzf7,USGS Earthquake Hazards Program,2026-10-04T19:51:31Z
us6000tzer,5.9,4.5 to <6,"39 km WSW of Tambolaka, Indonesia",2026-10-03T22:55:55Z,1791068155358,2026-10-03,45.951,118.9078,-9.5672,reviewed,mww,https://earthquake.usgs.gov/earthquakes/eventpage/us6000tzer,USGS Earthquake Hazards Program,2026-10-04T19:51:31Z
aka2026tprqrm,3.1,2.5 to <4.5,"188 km SE of Perryville, Alaska",2026-10-03T22:48:05Z,1791067685739,2026-10-03,5,-157.05,54.71,automatic,ml,https://earthquake.usgs.gov/earthquakes/eventpage/aka2026tprqrm,USGS Earthquake Hazards Program,2026-10-04T19:51:31Z
us6000tzen,4.3,2.5 to <4.5,"Izu Islands, Japan region",2026-10-03T22:27:23Z,1791066443407,2026-10-03,10,142.8123,29.053,reviewed,mb,https://earthquake.usgs.gov/earthquakes/eventpage/us6000tzen,USGS Earthquake Hazards Program,2026-10-04T19:51:31Z
us6000tzfa,3.5,2.5 to <4.5,"66 km SE of Atka, Alaska",2026-10-03T21:25:25Z,1791062725062,2026-10-03,35,-173.6127,51.7225,reviewed,ml,https://earthquake.usgs.gov/earthquakes/eventpage/us6000tzfa,USGS Earthquake Hazards Program,2026-10-04T19:51:31Z
aka2026tponmw,2.7,2.5 to <4.5,"53 km E of Huslia, Alaska",2026-10-03T21:14:38Z,1791062078922,2026-10-03,5.2,-155.258,65.778,automatic,ml,https://earthquake.usgs.gov/earthquakes/eventpage/aka2026tponmw,USGS Earthquake Hazards Program,2026-10-04T19:51:31Z
aka2026tpogqq,2.5,2.5 to <4.5,"42 km SSE of Chignik, Alaska",2026-10-03T21:06:45Z,1791061605650,2026-10-03,49.8,-158.022,55.976,automatic,ml,https://earthquake.usgs.gov/earthquakes/eventpage/aka2026tpogqq,USGS Earthquake Hazards Program,2026-10-04T19:51:31Z
us6000tze6,4.5,4.5 to <6,"121 km SW of Puerto Madero, Mexico",2026-10-03T20:33:45Z,1791059625577,2026-10-03,10,-93.3523,14.1052,reviewed,mb,https://earthquake.usgs.gov/earthquakes/eventpage/us6000tze6,USGS Earthquake Hazards Program,2026-10-04T19:51:31Z
us6000tze2,5.1,4.5 to <6,"182 km SSE of Vilyuchinsk, Russia",2026-10-03T20:00:44Z,1791057644104,2026-10-03,10,159.8296,51.5457,reviewed,mb,https://earthquake.usgs.gov/earthquakes/eventpage/us6000tze2,USGS Earthquake Hazards Program,2026-10-04T19:51:31Z
us6000tzdz,4.4,2.5 to <4.5,"201 km SSE of Vilyuchinsk, Russia",2026-10-03T19:30:56Z,1791055856985,2026-10-03,10,159.9887,51.4038,reviewed,mb,https://earthquake.usgs.gov/earthquakes/eventpage/us6000tzdz,USGS Earthquake Hazards Program,2026-10-04T19:51:31Z
us6000tzdp,4.9,4.5 to <6,"72 km NE of Sittwe, Burma (Myanmar)",2026-10-03T18:12:46Z,1791051166916,2026-10-03,35,93.3991,20.6061,reviewed,mb,https://earthquake.usgs.gov/earthquakes/eventpage/us6000tzdp,USGS Earthquake Hazards Program,2026-10-04T19:51:31Z
us6000tzdj,4.6,4.5 to <6,"76 km NNE of Lae, Papua New Guinea",2026-10-03T17:24:12Z,1791048252545,2026-10-03,81.86,147.1678,-6.0496,reviewed,mb,https://earthquake.usgs.gov/earthquakes/eventpage/us6000tzdj,USGS Earthquake Hazards Program,2026-10-04T19:51:31Z
aka2026tpgsir,2.8,2.5 to <4.5,"36 km NNW of Karluk, Alaska",2026-10-03T17:20:28Z,1791048028442,2026-10-03,68.4,-154.672,57.876,automatic,ml,https://earthquake.usgs.gov/earthquakes/eventpage/aka2026tpgsir,USGS Earthquake Hazards Program,2026-10-04T19:51:31Z
us6000tzda,4.1,2.5 to <4.5,"93 km SW of Atka, Alaska",2026-10-03T16:06:51Z,1791043611093,2026-10-03,50.31,-175.2905,51.6964,reviewed,mb,https://earthquake.usgs.gov/earthquakes/eventpage/us6000tzda,USGS Earthquake Hazards Program,2026-10-04T19:51:31Z
pr71535538,3.26,2.5 to <4.5,"66 km E of Cruz Bay, U.S. Virgin Islands",2026-10-03T16:03:54Z,1791043434350,2026-10-03,81.22,-64.1651666666667,18.3371666666667,reviewed,md,https://earthquake.usgs.gov/earthquakes/eventpage/pr71535538,USGS Earthquake Hazards Program,2026-10-04T19:51:31Z
pr2026276001,3.71,2.5 to <4.5,"40 km ENE of Samaná, Dominican Republic",2026-10-03T15:03:20Z,1791039800910,2026-10-03,41,-68.9783,19.3481,reviewed,md,https://earthquake.usgs.gov/earthquakes/eventpage/pr2026276001,USGS Earthquake Hazards Program,2026-10-04T19:51:31Z
us6000tzcv,4.4,2.5 to <4.5,Banda Sea,2026-10-03T14:49:40Z,1791038980402,2026-10-03,140.138,130.1704,-6.4633,reviewed,mb,https://earthquake.usgs.gov/earthquakes/eventpage/us6000tzcv,USGS Earthquake Hazards Program,2026-10-04T19:51:31Z
nn00925220,2.65,2.5 to <4.5,"58 km NNW of Rachel, Nevada",2026-10-03T13:58:29Z,1791035909036,2026-10-03,0.0718,-116.0575,38.1089,automatic,ml,https://earthquake.usgs.gov/earthquakes/eventpage/nn00925220,USGS Earthquake Hazards Program,2026-10-04T19:51:31Z
us6000tzcn,3.3,2.5 to <4.5,"21 km WNW of Preston, Nevada",2026-10-03T13:58:12Z,1791035892786,2026-10-03,5,-115.3046,38.9639,reviewed,ml,https://earthquake.usgs.gov/earthquakes/eventpage/us6000tzcn,USGS Earthquake Hazards Program,2026-10-04T19:51:31Z
us6000tzcm,4.5,4.5 to <6,Kermadec Islands region,2026-10-03T13:51:11Z,1791035471299,2026-10-03,453.487,-179.4827,-27.4948,reviewed,mb,https://earthquake.usgs.gov/earthquakes/eventpage/us6000tzcm,USGS Earthquake Hazards Program,2026-10-04T19:51:31Z
pr71535513,2.9,2.5 to <4.5,"19 km NW of Rincón, Puerto Rico",2026-10-03T13:33:34Z,1791034414930,2026-10-03,7.43,-67.386,18.4551666666667,reviewed,md,https://earthquake.usgs.gov/earthquakes/eventpage/pr71535513,USGS Earthquake Hazards Program,2026-10-04T19:51:31Z
us6000tzc5,4.4,2.5 to <4.5,"116 km NNE of Finschhafen, Papua New Guinea",2026-10-03T11:05:45Z,1791025545564,2026-10-03,232.07,148.3446,-5.6287,reviewed,mb,https://earthquake.usgs.gov/earthquakes/eventpage/us6000tzc5,USGS Earthquake Hazards Program,2026-10-04T19:51:31Z
pr2026276000,3.85,2.5 to <4.5,"19 km NW of Rincón, Puerto Rico",2026-10-03T10:35:38Z,1791023738360,2026-10-03,6,-67.3978,18.4461,reviewed,md,https://earthquake.usgs.gov/earthquakes/eventpage/pr2026276000,USGS Earthquake Hazards Program,2026-10-04T19:51:31Z
aka2026toserr,3.2,2.5 to <4.5,"130 km E of Chignik, Alaska",2026-10-03T10:04:47Z,1791021887331,2026-10-03,63.9,-156.29,56.299,automatic,ml,https://earthquake.usgs.gov/earthquakes/eventpage/aka2026toserr,USGS Earthquake Hazards Program,2026-10-04T19:51:31Z
us6000tzbz,4.2,2.5 to <4.5,"189 km SE of Petropavlovsk-Kamchatsky, Russia",2026-10-03T10:02:57Z,1791021777391,2026-10-03,10,160.6848,51.9144,reviewed,mb,https://earthquake.usgs.gov/earthquakes/eventpage/us6000tzbz,USGS Earthquake Hazards Program,2026-10-04T19:51:31Z
us6000tzbr,4.4,2.5 to <4.5,"79 km WSW of Masachapa, Nicaragua",2026-10-03T09:37:30Z,1791020250841,2026-10-03,37.535,-87.2,11.5447,reviewed,mb,https://earthquake.usgs.gov/earthquakes/eventpage/us6000tzbr,USGS Earthquake Hazards Program,2026-10-04T19:51:31Z
pr71535478,2.99,2.5 to <4.5,"79 km NNW of Charlotte Amalie, U.S. Virgin Islands",2026-10-03T09:18:44Z,1791019124600,2026-10-03,21.19,-65.1896666666667,19.0191666666667,reviewed,md,https://earthquake.usgs.gov/earthquakes/eventpage/pr71535478,USGS Earthquake Hazards Program,2026-10-04T19:51:31Z
us6000tzbe,3,2.5 to <4.5,"256 km SE of Chiniak, Alaska",2026-10-03T07:12:22Z,1791011542596,2026-10-03,10,-149.2204,56.0389,reviewed,ml,https://earthquake.usgs.gov/earthquakes/eventpage/us6000tzbe,USGS Earthquake Hazards Program,2026-10-04T19:51:31Z
nc75443306,2.91,2.5 to <4.5,"10 km WSW of South Lake Tahoe, CA",2026-10-03T06:58:44Z,1791010724070,2026-10-03,7.05000019073486,-120.082664489746,38.8911666870117,automatic,md,https://earthquake.usgs.gov/earthquakes/eventpage/nc75443306,USGS Earthquake Hazards Program,2026-10-04T19:51:31Z
us6000tzb5,4.8,4.5 to <6,"112 km S of Koshima, Japan",2026-10-03T06:05:21Z,1791007521157,2026-10-03,37.466,130.6125,29.221,reviewed,mb,https://earthquake.usgs.gov/earthquakes/eventpage/us6000tzb5,USGS Earthquake Hazards Program,2026-10-04T19:51:31Z
pr71535448,3.41,2.5 to <4.5,"2 km NW of Corozal, Puerto Rico",2026-10-03T05:38:48Z,1791005928420,2026-10-03,110.82,-66.3335,18.3593333333333,reviewed,md,https://earthquake.usgs.gov/earthquakes/eventpage/pr71535448,USGS Earthquake Hazards Program,2026-10-04T19:51:31Z
aka2026tojacd,2.5,2.5 to <4.5,"103 km SE of Ugashik, Alaska",2026-10-03T05:29:35Z,1791005375339,2026-10-03,5,-156.407,56.759,automatic,ml,https://earthquake.usgs.gov/earthquakes/eventpage/aka2026tojacd,USGS Earthquake Hazards Program,2026-10-04T19:51:31Z
us6000tzax,4.2,2.5 to <4.5,"16 km ENE of Parbhani, India",2026-10-03T04:13:31Z,1791000811661,2026-10-03,16.033,76.922,19.3072,reviewed,mb,https://earthquake.usgs.gov/earthquakes/eventpage/us6000tzax,USGS Earthquake Hazards Program,2026-10-04T19:51:31Z
us6000tzal,5,4.5 to <6,"163 km SE of Petropavlovsk-Kamchatsky, Russia",2026-10-03T02:59:06Z,1790996346296,2026-10-03,10,160.4217,52.0836,reviewed,mb,https://earthquake.usgs.gov/earthquakes/eventpage/us6000tzal,USGS Earthquake Hazards Program,2026-10-04T19:51:31Z
us6000tza4,4.1,2.5 to <4.5,"34 km S of Adak, Alaska",2026-10-03T01:03:12Z,1790989392099,2026-10-03,49.148,-176.6858,51.5689,reviewed,mb,https://earthquake.usgs.gov/earthquakes/eventpage/us6000tza4,USGS Earthquake Hazards Program,2026-10-04T19:51:31Z
us6000tz9z,4.4,2.5 to <4.5,"15 km WSW of Yelizovo, Russia",2026-10-03T00:21:01Z,1790986861071,2026-10-03,98.544,158.1531,53.1493,reviewed,mb,https://earthquake.usgs.gov/earthquakes/eventpage/us6000tz9z,USGS Earthquake Hazards Program,2026-10-04T19:51:31Z
us6000tz9w,4.5,4.5 to <6,"7 km NNW of Ibusuki, Japan",2026-10-03T00:11:38Z,1790986298239,2026-10-03,126.853,130.6093,31.2953,reviewed,mb,https://earthquake.usgs.gov/earthquakes/eventpage/us6000tz9w,USGS Earthquake Hazards Program,2026-10-04T19:51:31Z
us6000tz9v,4.8,4.5 to <6,"121 km SSE of Vilyuchinsk, Russia",2026-10-03T00:01:38Z,1790985698784,2026-10-03,38.69,159.2731,51.9749,reviewed,mb,https://earthquake.usgs.gov/earthquakes/eventpage/us6000tz9v,USGS Earthquake Hazards Program,2026-10-04T19:51:31Z
us6000tz9t,4.6,4.5 to <6,"174 km SSE of Vilyuchinsk, Russia",2026-10-02T23:59:26Z,1790985566824,2026-10-02,10,159.7182,51.5846,reviewed,mb,https://earthquake.usgs.gov/earthquakes/eventpage/us6000tz9t,USGS Earthquake Hazards Program,2026-10-04T19:51:31Z
us6000tz9s,4.7,4.5 to <6,"153 km SSE of Vilyuchinsk, Russia",2026-10-02T23:54:13Z,1790985253503,2026-10-02,35,159.4679,51.7161,reviewed,mb,https://earthquake.usgs.gov/earthquakes/eventpage/us6000tz9s,USGS Earthquake Hazards Program,2026-10-04T19:51:31Z
us6000tzit,4.6,4.5 to <6,southern East Pacific Rise,2026-10-02T22:38:53Z,1790980733650,2026-10-02,10,-116.9235,-49.3851,reviewed,mb,https://earthquake.usgs.gov/earthquakes/eventpage/us6000tzit,USGS Earthquake Hazards Program,2026-10-04T19:51:31Z
us6000tz8q,4.4,2.5 to <4.5,"52 km WSW of Paratunka, Russia",2026-10-02T21:05:06Z,1790975106532,2026-10-02,93.182,157.5867,52.7302,reviewed,mb,https://earthquake.usgs.gov/earthquakes/eventpage/us6000tz8q,USGS Earthquake Hazards Program,2026-10-04T19:51:31Z
us6000tz8l,5,4.5 to <6,"171 km SE of Vilyuchinsk, Russia",2026-10-02T20:54:15Z,1790974455391,2026-10-02,30.93,159.8843,51.6886,reviewed,mb,https://earthquake.usgs.gov/earthquakes/eventpage/us6000tz8l,USGS Earthquake Hazards Program,2026-10-04T19:51:31Z
us6000tzd5,4.7,4.5 to <6,"52 km SSW of Vilyuchinsk, Russia",2026-10-02T20:38:21Z,1790973501109,2026-10-02,89.108,158.2168,52.4691,reviewed,mb,https://earthquake.usgs.gov/earthquakes/eventpage/us6000tzd5,USGS Earthquake Hazards Program,2026-10-04T19:51:31Z
us6000tz8g,4.6,4.5 to <6,"46 km SSW of Paratunka, Russia",2026-10-02T20:37:48Z,1790973468318,2026-10-02,74.647,158.0496,52.5605,reviewed,mb,https://earthquake.usgs.gov/earthquakes/eventpage/us6000tz8g,USGS Earthquake Hazards Program,2026-10-04T19:51:31Z
us6000tz8f,4.5,4.5 to <6,"86 km E of Noda, Japan",2026-10-02T20:34:56Z,1790973296862,2026-10-02,49.952,142.8232,40.0341,reviewed,mb,https://earthquake.usgs.gov/earthquakes/eventpage/us6000tz8f,USGS Earthquake Hazards Program,2026-10-04T19:51:31Z
us6000tz8c,5.1,4.5 to <6,"199 km SSE of Vilyuchinsk, Russia",2026-10-02T20:27:27Z,1790972847120,2026-10-02,10,159.665,51.3149,reviewed,mb,https://earthquake.usgs.gov/earthquakes/eventpage/us6000tz8c,USGS Earthquake Hazards Program,2026-10-04T19:51:31Z
us6000tz8b,4.6,4.5 to <6,"67 km ESE of Kokopo, Papua New Guinea",2026-10-02T20:26:02Z,1790972762878,2026-10-02,86.736,152.8363,-4.565,reviewed,mb,https://earthquake.usgs.gov/earthquakes/eventpage/us6000tz8b,USGS Earthquake Hazards Program,2026-10-04T19:51:31Z
us6000tz8a,4.9,4.5 to <6,"136 km SSE of Vilyuchinsk, Russia",2026-10-02T20:25:29Z,1790972729894,2026-10-02,38.829,159.3971,51.862,reviewed,mb,https://earthquake.usgs.gov/earthquakes/eventpage/us6000tz8a,USGS Earthquake Hazards Program,2026-10-04T19:51:31Z
us6000tz7t,4.4,2.5 to <4.5,Kermadec Islands region,2026-10-02T19:43:20Z,1790970200760,2026-10-02,431.395,-179.9859,-30.3739,reviewed,mb,https://earthquake.usgs.gov/earthquakes/eventpage/us6000tz7t,USGS Earthquake Hazards Program,2026-10-04T19:51:31Z
us6000tz7b,5,4.5 to <6,"179 km SSE of Vilyuchinsk, Russia",2026-10-02T18:25:20Z,1790965520940,2026-10-02,10,159.8307,51.5775,reviewed,mb,https://earthquake.usgs.gov/earthquakes/eventpage/us6000tz7b,USGS Earthquake Hazards Program,2026-10-04T19:51:31Z
hv75048472,3.49,2.5 to <4.5,"5 km WSW of Volcano, Hawaii",2026-10-02T17:55:58Z,1790963758410,2026-10-02,0.3,-155.279,19.4155,reviewed,ml,https://earthquake.usgs.gov/earthquakes/eventpage/hv75048472,USGS Earthquake Hazards Program,2026-10-04T19:51:31Z
us6000tz75,4.3,2.5 to <4.5,"30 km NNW of Valparaíso, Chile",2026-10-02T17:28:18Z,1790962098887,2026-10-02,32.14,-71.7075,-32.773,reviewed,mwr,https://earthquake.usgs.gov/earthquakes/eventpage/us6000tz75,USGS Earthquake Hazards Program,2026-10-04T19:51:31Z
us6000tzaj,3.2,2.5 to <4.5,"9 km ESE of Nyora, Australia",2026-10-02T16:56:33Z,1790960193706,2026-10-02,9.973,145.7778,-38.3513,reviewed,ml,https://earthquake.usgs.gov/earthquakes/eventpage/us6000tzaj,USGS Earthquake Hazards Program,2026-10-04T19:51:31Z
us6000tz6z,4.5,4.5 to <6,"56 km SSE of Mawlaik, Burma (Myanmar)",2026-10-02T16:55:33Z,1790960133449,2026-10-02,103.866,94.5469,23.1453,reviewed,mb,https://earthquake.usgs.gov/earthquakes/eventpage/us6000tz6z,USGS Earthquake Hazards Program,2026-10-04T19:51:31Z
us6000tz62,5.8,4.5 to <6,"165 km SSE of Vilyuchinsk, Russia",2026-10-02T16:34:41Z,1790958881010,2026-10-02,29.477,159.7398,51.6873,reviewed,mww,https://earthquake.usgs.gov/earthquakes/eventpage/us6000tz62,USGS Earthquake Hazards Program,2026-10-04T19:51:31Z
us6000tz5h,5,4.5 to <6,"26 km SSW of Güiria, Venezuela",2026-10-02T16:31:25Z,1790958685762,2026-10-02,9.763,-62.4223,10.3698,reviewed,mb,https://earthquake.usgs.gov/earthquakes/eventpage/us6000tz5h,USGS Earthquake Hazards Program,2026-10-04T19:51:31Z
us6000tz20,4.6,4.5 to <6,"20 km ESE of Petropavlovsk-Kamchatsky, Russia",2026-10-02T16:02:10Z,1790956930426,2026-10-02,99.084,158.9242,53.0163,reviewed,mb,https://earthquake.usgs.gov/earthquakes/eventpage/us6000tz20,USGS Earthquake Hazards Program,2026-10-04T19:51:31Z
us6000tz1y,4.7,4.5 to <6,"5 km NNE of Korumburra, Australia",2026-10-02T16:01:39Z,1790956899581,2026-10-02,10,145.8401,-38.3802,reviewed,mb,https://earthquake.usgs.gov/earthquakes/eventpage/us6000tz1y,USGS Earthquake Hazards Program,2026-10-04T19:51:31Z
us6000tz1r,4.5,4.5 to <6,"7 km NE of Chalandrítsa, Greece",2026-10-02T15:26:42Z,1790954802710,2026-10-02,10,21.8509,38.1524,reviewed,mb,https://earthquake.usgs.gov/earthquakes/eventpage/us6000tz1r,USGS Earthquake Hazards Program,2026-10-04T19:51:31Z
us6000tz1q,4.8,4.5 to <6,"78 km WSW of San Nicolas, Philippines",2026-10-02T15:10:19Z,1790953819729,2026-10-02,10,119.4593,14.571,reviewed,mb,https://earthquake.usgs.gov/earthquakes/eventpage/us6000tz1q,USGS Earthquake Hazards Program,2026-10-04T19:51:31Z
aka2026tnfazg,2.5,2.5 to <4.5,"65 km ESE of Denali National Park, Alaska",2026-10-02T14:31:03Z,1790951463936,2026-10-02,135,-150.553,63.275,automatic,ml,https://earthquake.usgs.gov/earthquakes/eventpage/aka2026tnfazg,USGS Earthquake Hazards Program,2026-10-04T19:51:31Z
us6000tz1c,5,4.5 to <6,"6 km E of Inglewood, New Zealand",2026-10-02T13:57:15Z,1790949435838,2026-10-02,10,174.2598,-39.1598,reviewed,mb,https://earthquake.usgs.gov/earthquakes/eventpage/us6000tz1c,USGS Earthquake Hazards Program,2026-10-04T19:51:31Z
pr71535348,3.28,2.5 to <4.5,"65 km NE of Punta Cana, Dominican Republic",2026-10-02T13:29:01Z,1790947741410,2026-10-02,31.57,-67.9175,18.954,reviewed,md,https://earthquake.usgs.gov/earthquakes/eventpage/pr71535348,USGS Earthquake Hazards Program,2026-10-04T19:51:31Z
pr2026275000,2.96,2.5 to <4.5,"68 km ENE of Punta Cana, Dominican Republic",2026-10-02T12:07:39Z,1790942859250,2026-10-02,5,-67.8431,18.8971,reviewed,ml,https://earthquake.usgs.gov/earthquakes/eventpage/pr2026275000,USGS Earthquake Hazards Program,2026-10-04T19:51:31Z
pr71535328,3.13,2.5 to <4.5,"66 km NE of Punta Cana, Dominican Republic",2026-10-02T12:06:12Z,1790942772440,2026-10-02,7.94,-67.9471666666667,19,reviewed,md,https://earthquake.usgs.gov/earthquakes/eventpage/pr71535328,USGS Earthquake Hazards Program,2026-10-04T19:51:31Z
us6000tz0z,4.2,2.5 to <4.5,"9 km SSW of Yepocapa, Guatemala",2026-10-02T11:35:16Z,1790940916003,2026-10-02,115.214,-90.9832,14.4208,reviewed,mb,https://earthquake.usgs.gov/earthquakes/eventpage/us6000tz0z,USGS Earthquake Hazards Program,2026-10-04T19:51:31Z
us6000tz0x,5,4.5 to <6,"63 km SW of Panguna, Papua New Guinea",2026-10-02T11:14:14Z,1790939654383,2026-10-02,38.25,155.0136,-6.6368,reviewed,mb,https://earthquake.usgs.gov/earthquakes/eventpage/us6000tz0x,USGS Earthquake Hazards Program,2026-10-04T19:51:31Z
nc75442791,3.27,2.5 to <4.5,"9 km WSW of South Lake Tahoe, CA",2026-10-02T10:00:11Z,1790935211180,2026-10-02,10.9,-120.080666666667,38.8935,reviewed,mw,https://earthquake.usgs.gov/earthquakes/eventpage/nc75442791,USGS Earthquake Hazards Program,2026-10-04T19:51:31Z
aka2026tmvtvv,2.6,2.5 to <4.5,"118 km E of Chignik, Alaska",2026-10-02T09:52:57Z,1790934777586,2026-10-02,18.2,-156.499,56.4,automatic,ml,https://earthquake.usgs.gov/earthquakes/eventpage/aka2026tmvtvv,USGS Earthquake Hazards Program,2026-10-04T19:51:31Z
tx2026tjshuj,2.7,2.5 to <4.5,"53 km NW of Toyah, Texas",2026-10-02T09:43:16Z,1790934196734,2026-10-02,5.2667,-104.215,31.635,reviewed,ml,https://earthquake.usgs.gov/earthquakes/eventpage/tx2026tjshuj,USGS Earthquake Hazards Program,2026-10-04T19:51:31Z
nn00925155,2.97,2.5 to <4.5,"19 km W of Preston, Nevada",2026-10-02T09:13:41Z,1790932421051,2026-10-02,3.4406,-115.2897,38.9073,reviewed,ml,https://earthquake.usgs.gov/earthquakes/eventpage/nn00925155,USGS Earthquake Hazards Program,2026-10-04T19:51:31Z
us6000tyzx,4.8,4.5 to <6,"35 km SSW of El Colomo, Mexico",2026-10-02T06:53:35Z,1790924015007,2026-10-02,23.972,-104.3753,18.7561,reviewed,mww,https://earthquake.usgs.gov/earthquakes/eventpage/us6000tyzx,USGS Earthquake Hazards Program,2026-10-04T19:51:31Z
us6000tyzy,4.5,4.5 to <6,"101 km NE of Ruteng, Indonesia",2026-10-02T06:48:06Z,1790923686954,2026-10-02,10,121.0985,-7.9511,reviewed,mb,https://earthquake.usgs.gov/earthquakes/eventpage/us6000tyzy,USGS Earthquake Hazards Program,2026-10-04T19:51:31Z
aka2026tmocjx,4,2.5 to <4.5,"75 km SE of Adak, Alaska",2026-10-02T06:02:57Z,1790920977320,2026-10-02,17.3,-175.993,51.328,reviewed,ml,https://earthquake.usgs.gov/earthquakes/eventpage/aka2026tmocjx,USGS Earthquake Hazards Program,2026-10-04T19:51:31Z
us6000tyzt,4.8,4.5 to <6,"192 km WNW of Tobelo, Indonesia",2026-10-02T05:38:55Z,1790919535084,2026-10-02,10,126.4944,2.5781,reviewed,mb,https://earthquake.usgs.gov/earthquakes/eventpage/us6000tyzt,USGS Earthquake Hazards Program,2026-10-04T19:51:31Z
us6000tyzl,5.1,4.5 to <6,"159 km SE of Gizo, Solomon Islands",2026-10-02T04:44:53Z,1790916293423,2026-10-02,10,158.0215,-8.9326,reviewed,mb,https://earthquake.usgs.gov/earthquakes/eventpage/us6000tyzl,USGS Earthquake Hazards Program,2026-10-04T19:51:31Z
us6000tyzi,5,4.5 to <6,south of the Fiji Islands,2026-10-02T04:27:05Z,1790915225754,2026-10-02,557.245,178.6446,-24.7752,reviewed,mb,https://earthquake.usgs.gov/earthquakes/eventpage/us6000tyzi,USGS Earthquake Hazards Program,2026-10-04T19:51:31Z
us6000tyzg,4.9,4.5 to <6,"97 km S of Panguna, Papua New Guinea",2026-10-02T04:10:58Z,1790914258487,2026-10-02,35,155.6075,-7.1852,reviewed,mb,https://earthquake.usgs.gov/earthquakes/eventpage/us6000tyzg,USGS Earthquake Hazards Program,2026-10-04T19:51:31Z
us6000tzim,4.7,4.5 to <6,"49 km S of Lata, Solomon Islands",2026-10-02T02:02:34Z,1790906554584,2026-10-02,10,165.794,-11.1735,reviewed,mb,https://earthquake.usgs.gov/earthquakes/eventpage/us6000tzim,USGS Earthquake Hazards Program,2026-10-04T19:51:31Z
us6000tyxk,4.5,4.5 to <6,"2 km NE of Satte, Japan",2026-10-01T21:01:41Z,1790888501707,2026-10-01,65.032,139.7487,36.0904,reviewed,mb,https://earthquake.usgs.gov/earthquakes/eventpage/us6000tyxk,USGS Earthquake Hazards Program,2026-10-04T19:51:31Z
us6000tyx0,5.1,4.5 to <6,"176 km SE of Lata, Solomon Islands",2026-10-01T20:00:34Z,1790884834322,2026-10-01,10,167.0918,-11.6728,reviewed,mb,https://earthquake.usgs.gov/earthquakes/eventpage/us6000tyx0,USGS Earthquake Hazards Program,2026-10-04T19:51:31Z
us6000tywu,5.1,4.5 to <6,"171 km SE of Lata, Solomon Islands",2026-10-01T19:38:01Z,1790883481795,2026-10-01,10,166.961,-11.7706,reviewed,mww,https://earthquake.usgs.gov/earthquakes/eventpage/us6000tywu,USGS Earthquake Hazards Program,2026-10-04T19:51:31Z
aka2026tlsylt,2.6,2.5 to <4.5,"46 km W of Happy Valley, Alaska",2026-10-01T19:28:58Z,1790882938587,2026-10-01,100.3,-152.559,59.977,automatic,ml,https://earthquake.usgs.gov/earthquakes/eventpage/aka2026tlsylt,USGS Earthquake Hazards Program,2026-10-04T19:51:31Z
us6000tywh,4.3,2.5 to <4.5,"248 km W of Houma, Tonga",2026-10-01T18:54:52Z,1790880892633,2026-10-01,433.822,-177.6908,-21.2549,reviewed,mb,https://earthquake.usgs.gov/earthquakes/eventpage/us6000tywh,USGS Earthquake Hazards Program,2026-10-04T19:51:31Z
tx2026tiooka,3.1,2.5 to <4.5,"55 km SSW of Whites City, New Mexico",2026-10-01T18:47:10Z,1790880430018,2026-10-01,4.7284,-104.549,31.697,reviewed,ml,https://earthquake.usgs.gov/earthquakes/eventpage/tx2026tiooka,USGS Earthquake Hazards Program,2026-10-04T19:51:31Z
us6000tyw9,4.6,4.5 to <6,"83 km NE of Ruteng, Indonesia",2026-10-01T17:37:11Z,1790876231734,2026-10-01,10,120.9009,-7.9896,reviewed,mb,https://earthquake.usgs.gov/earthquakes/eventpage/us6000tyw9,USGS Earthquake Hazards Program,2026-10-04T19:51:31Z
us6000tyw6,5.1,4.5 to <6,"108 km ENE of Miyako, Japan",2026-10-01T17:17:20Z,1790875040097,2026-10-01,35,143.1734,39.8778,reviewed,mww,https://earthquake.usgs.gov/earthquakes/eventpage/us6000tyw6,USGS Earthquake Hazards Program,2026-10-04T19:51:31Z
us6000tyw4,4.3,2.5 to <4.5,"204 km WNW of Abepura, Indonesia",2026-10-01T17:09:38Z,1790874578469,2026-10-01,10,138.9179,-1.9255,reviewed,mb,https://earthquake.usgs.gov/earthquakes/eventpage/us6000tyw4,USGS Earthquake Hazards Program,2026-10-04T19:51:31Z
us6000tyvs,4.2,2.5 to <4.5,"23 km S of Ashkāsham, Afghanistan",2026-10-01T16:02:08Z,1790870528161,2026-10-01,105.107,71.5499,36.4688,reviewed,mb,https://earthquake.usgs.gov/earthquakes/eventpage/us6000tyvs,USGS Earthquake Hazards Program,2026-10-04T19:51:31Z
aka2026tlkkpe,3,2.5 to <4.5,"63 km SE of Port Graham, Alaska",2026-10-01T15:13:16Z,1790867596780,2026-10-01,54.5,-150.994,58.977,automatic,ml,https://earthquake.usgs.gov/earthquakes/eventpage/aka2026tlkkpe,USGS Earthquake Hazards Program,2026-10-04T19:51:31Z
us6000tyuf,4.8,4.5 to <6,"127 km S of False Pass, Alaska",2026-10-01T14:46:19Z,1790865979877,2026-10-01,35,-163.7238,53.7226,reviewed,mb,https://earthquake.usgs.gov/earthquakes/eventpage/us6000tyuf,USGS Earthquake Hazards Program,2026-10-04T19:51:31Z
us6000tyua,5,4.5 to <6,"176 km NNE of Ruteng, Indonesia",2026-10-01T14:19:59Z,1790864399078,2026-10-01,10,120.9136,-7.0805,reviewed,mb,https://earthquake.usgs.gov/earthquakes/eventpage/us6000tyua,USGS Earthquake Hazards Program,2026-10-04T19:51:31Z
us6000tyu2,4.4,2.5 to <4.5,"198 km WNW of Abepura, Indonesia",2026-10-01T13:31:15Z,1790861475432,2026-10-01,10,138.9249,-2.0857,reviewed,mb,https://earthquake.usgs.gov/earthquakes/eventpage/us6000tyu2,USGS Earthquake Hazards Program,2026-10-04T19:51:31Z
us6000tytw,4.2,2.5 to <4.5,"2 km SW of Thívai, Greece",2026-10-01T13:03:03Z,1790859783246,2026-10-01,10,23.3018,38.3117,reviewed,mb,https://earthquake.usgs.gov/earthquakes/eventpage/us6000tytw,USGS Earthquake Hazards Program,2026-10-04T19:51:31Z
us6000tytv,4.3,2.5 to <4.5,"110 km SE of Kuril’sk, Russia",2026-10-01T13:00:35Z,1790859635477,2026-10-01,57.373,149.0324,44.6606,reviewed,mb,https://earthquake.usgs.gov/earthquakes/eventpage/us6000tytv,USGS Earthquake Hazards Program,2026-10-04T19:51:31Z
aka2026tlezlc,2.9,2.5 to <4.5,"53 km SSE of King Salmon, Alaska",2026-10-01T12:29:59Z,1790857799518,2026-10-01,0,-156.443,58.221,automatic,ml,https://earthquake.usgs.gov/earthquakes/eventpage/aka2026tlezlc,USGS Earthquake Hazards Program,2026-10-04T19:51:31Z
us6000tytg,5.3,4.5 to <6,"0 km NNE of Yōkaichiba, Japan",2026-10-01T12:27:11Z,1790857631864,2026-10-01,41.649,140.5507,35.7025,reviewed,mww,https://earthquake.usgs.gov/earthquakes/eventpage/us6000tytg,USGS Earthquake Hazards Program,2026-10-04T19:51:31Z
uu80158331,2.84,2.5 to <4.5,"2 km NNW of Little America, Wyoming",2026-10-01T12:26:37Z,1790857597780,2026-10-01,-3.19,-109.870333333333,41.5615,reviewed,ml,https://earthquake.usgs.gov/earthquakes/eventpage/uu80158331,USGS Earthquake Hazards Program,2026-10-04T19:51:31Z
aka2026tlelut,2.9,2.5 to <4.5,"66 km ESE of Denali National Park, Alaska",2026-10-01T12:14:15Z,1790856855424,2026-10-01,131.3,-150.575,63.244,automatic,ml,https://earthquake.usgs.gov/earthquakes/eventpage/aka2026tlelut,USGS Earthquake Hazards Program,2026-10-04T19:51:31Z
aka2026tlapkt,3.2,2.5 to <4.5,"35 km WSW of Skwentna, Alaska",2026-10-01T10:18:48Z,1790849928924,2026-10-01,115.6,-151.996,61.836,automatic,ml,https://earthquake.usgs.gov/earthquakes/eventpage/aka2026tlapkt,USGS Earthquake Hazards Program,2026-10-04T19:51:31Z
us6000tysi,4.7,4.5 to <6,northern Mid-Atlantic Ridge,2026-10-01T10:03:15Z,1790848995128,2026-10-01,10,-41.428,31.0444,reviewed,mb,https://earthquake.usgs.gov/earthquakes/eventpage/us6000tysi,USGS Earthquake Hazards Program,2026-10-04T19:51:31Z
hv75046927,2.55,2.5 to <4.5,"4 km SW of Volcano, Hawaii",2026-10-01T09:55:50Z,1790848550020,2026-10-01,0.400000005960464,-155.268325805664,19.4208335876465,automatic,ml,https://earthquake.usgs.gov/earthquakes/eventpage/hv75046927,USGS Earthquake Hazards Program,2026-10-04T19:51:31Z
aka2026tkytvy,2.6,2.5 to <4.5,"48 km NE of Chase, Alaska",2026-10-01T09:23:37Z,1790846617666,2026-10-01,66.1,-149.372,62.728,automatic,ml,https://earthquake.usgs.gov/earthquakes/eventpage/aka2026tkytvy,USGS Earthquake Hazards Program,2026-10-04T19:51:31Z
pr71535278,2.78,2.5 to <4.5,"16 km NNE of Arecibo, Puerto Rico",2026-10-01T08:45:58Z,1790844358790,2026-10-01,14.37,-66.6538333333333,18.6055,reviewed,md,https://earthquake.usgs.gov/earthquakes/eventpage/pr71535278,USGS Earthquake Hazards Program,2026-10-04T19:51:31Z
us6000tyr4,4.9,4.5 to <6,"145 km ESE of Neiafu, Tonga",2026-10-01T08:45:44Z,1790844344312,2026-10-01,10,-172.7038,-19.141,reviewed,mb,https://earthquake.usgs.gov/earthquakes/eventpage/us6000tyr4,USGS Earthquake Hazards Program,2026-10-04T19:51:31Z
us6000tyqy,4.5,4.5 to <6,"49 km SSE of Toktogul, Kyrgyzstan",2026-10-01T08:17:59Z,1790842679307,2026-10-01,10,73.1419,41.4538,reviewed,mb,https://earthquake.usgs.gov/earthquakes/eventpage/us6000tyqy,USGS Earthquake Hazards Program,2026-10-04T19:51:31Z
us6000tyqw,4.1,2.5 to <4.5,"28 km SW of Buenos Aires, Mexico",2026-10-01T08:14:59Z,1790842499626,2026-10-01,71.276,-92.6959,14.7356,reviewed,mb,https://earthquake.usgs.gov/earthquakes/eventpage/us6000tyqw,USGS Earthquake Hazards Program,2026-10-04T19:51:31Z
hv75046747,3.41,2.5 to <4.5,"5 km WSW of Volcano, Hawaii",2026-10-01T07:52:05Z,1790841125140,2026-10-01,0.32,-155.277,19.4156666666667,reviewed,ml,https://earthquake.usgs.gov/earthquakes/eventpage/hv75046747,USGS Earthquake Hazards Program,2026-10-04T19:51:31Z
us6000tyqx,4.6,4.5 to <6,northern Mid-Atlantic Ridge,2026-10-01T07:40:06Z,1790840406605,2026-10-01,10,-41.5851,31.2357,reviewed,mb,https://earthquake.usgs.gov/earthquakes/eventpage/us6000tyqx,USGS Earthquake Hazards Program,2026-10-04T19:51:31Z
hv75046727,2.59,2.5 to <4.5,"5 km SW of Volcano, Hawaii",2026-10-01T07:32:11Z,1790839931030,2026-10-01,0.0900000035762787,-155.277496337891,19.4085006713867,automatic,ml,https://earthquake.usgs.gov/earthquakes/eventpage/hv75046727,USGS Earthquake Hazards Program,2026-10-04T19:51:31Z
hv75046687,2.55,2.5 to <4.5,"5 km SW of Volcano, Hawaii",2026-10-01T06:47:30Z,1790837250450,2026-10-01,0.35,-155.280333333333,19.4126666666667,reviewed,ml,https://earthquake.usgs.gov/earthquakes/eventpage/hv75046687,USGS Earthquake Hazards Program,2026-10-04T19:51:31Z
us6000tyq7,5,4.5 to <6,"38 km WSW of Palimbang, Philippines",2026-10-01T05:34:10Z,1790832850634,2026-10-01,10,123.8599,6.1116,reviewed,mb,https://earthquake.usgs.gov/earthquakes/eventpage/us6000tyq7,USGS Earthquake Hazards Program,2026-10-04T19:51:31Z
pr2026274000,3.5,2.5 to <4.5,"99 km NNE of Cruz Bay, U.S. Virgin Islands",2026-10-01T05:25:44Z,1790832344260,2026-10-01,12,-64.3456,19.1245,reviewed,md,https://earthquake.usgs.gov/earthquakes/eventpage/pr2026274000,USGS Earthquake Hazards Program,2026-10-04T19:51:31Z
us6000typy,4.2,2.5 to <4.5,"280 km SW of Houma, Tonga",2026-10-01T04:41:16Z,1790829676232,2026-10-01,246.958,-177.3105,-22.8694,reviewed,mb,https://earthquake.usgs.gov/earthquakes/eventpage/us6000typy,USGS Earthquake Hazards Program,2026-10-04T19:51:31Z
aka2026tkmymd,3.4,2.5 to <4.5,"23 km NW of Nanwalek, Alaska",2026-10-01T03:29:08Z,1790825348123,2026-10-01,77.9,-152.202,59.514,automatic,ml,https://earthquake.usgs.gov/earthquakes/eventpage/aka2026tkmymd,USGS Earthquake Hazards Program,2026-10-04T19:51:31Z
aka2026tkmsuy,3,2.5 to <4.5,"38 km WNW of Anchor Point, Alaska",2026-10-01T03:22:33Z,1790824953462,2026-10-01,93.5,-152.443,59.94,automatic,ml,https://earthquake.usgs.gov/earthquakes/eventpage/aka2026tkmsuy,USGS Earthquake Hazards Program,2026-10-04T19:51:31Z
us6000typ7,4.4,2.5 to <4.5,Fiji region,2026-10-01T02:40:40Z,1790822440210,2026-10-01,637.906,-179.2476,-20.9019,reviewed,mb,https://earthquake.usgs.gov/earthquakes/eventpage/us6000typ7,USGS Earthquake Hazards Program,2026-10-04T19:51:31Z
us6000typ5,4.5,4.5 to <6,"272 km WSW of Tual, Indonesia",2026-10-01T02:09:19Z,1790820559068,2026-10-01,94.793,130.346,-6.154,reviewed,mb,https://earthquake.usgs.gov/earthquakes/eventpage/us6000typ5,USGS Earthquake Hazards Program,2026-10-04T19:51:31Z
us6000typ0,4.6,4.5 to <6,"45 km ENE of Luwuk, Indonesia",2026-10-01T01:31:23Z,1790818283443,2026-10-01,116.392,123.1839,-0.863,reviewed,mb,https://earthquake.usgs.gov/earthquakes/eventpage/us6000typ0,USGS Earthquake Hazards Program,2026-10-04T19:51:31Z
us6000tyny,5.2,4.5 to <6,"7 km ESE of Baghlān, Afghanistan",2026-10-01T01:29:20Z,1790818160694,2026-10-01,49.602,68.7818,36.0991,reviewed,mb,https://earthquake.usgs.gov/earthquakes/eventpage/us6000tyny,USGS Earthquake Hazards Program,2026-10-04T19:51:31Z
us6000tynp,4.9,4.5 to <6,northern Mid-Atlantic Ridge,2026-10-01T00:28:22Z,1790814502644,2026-10-01,10,-43.0353,19.2756,reviewed,mb,https://earthquake.usgs.gov/earthquakes/eventpage/us6000tynp,USGS Earthquake Hazards Program,2026-10-04T19:51:31Z
ci41341279,3.08,2.5 to <4.5,"20 km ESE of Anza, CA",2026-10-01T00:01:59Z,1790812919630,2026-10-01,5.13,-116.463333333333,33.5023333333333,reviewed,ml,https://earthquake.usgs.gov/earthquakes/eventpage/ci41341279,USGS Earthquake Hazards Program,2026-10-04T19:51:31Z
us6000tymj,5.6,4.5 to <6,"94 km SW of Tamarindo, Costa Rica",2026-09-30T21:55:26Z,1790805326169,2026-09-30,8,-86.5063,9.7526,reviewed,mww,https://earthquake.usgs.gov/earthquakes/eventpage/us6000tymj,USGS Earthquake Hazards Program,2026-10-04T19:51:31Z
us6000tyn1,4.4,2.5 to <4.5,"12 km SSE of Hasaki, Japan",2026-09-30T21:16:53Z,1790803013322,2026-09-30,35,140.8791,35.6288,reviewed,mb,https://earthquake.usgs.gov/earthquakes/eventpage/us6000tyn1,USGS Earthquake Hazards Program,2026-10-04T19:51:31Z
us6000tym9,4.6,4.5 to <6,"131 km SE of Itoman, Japan",2026-09-30T21:11:57Z,1790802717694,2026-09-30,10,128.5077,25.2167,reviewed,mb,https://earthquake.usgs.gov/earthquakes/eventpage/us6000tym9,USGS Earthquake Hazards Program,2026-10-04T19:51:31Z
nc75441996,2.99,2.5 to <4.5,"8 km ESE of Cloverdale, CA",2026-09-30T21:07:19Z,1790802439250,2026-09-30,4.03000020980835,-122.933166503906,38.7781677246094,automatic,md,https://earthquake.usgs.gov/earthquakes/eventpage/nc75441996,USGS Earthquake Hazards Program,2026-10-04T19:51:31Z
pr71535218,2.57,2.5 to <4.5,"5 km SW of Guánica, Puerto Rico",2026-09-30T21:03:41Z,1790802221740,2026-09-30,7.78,-66.9465,17.9443333333333,reviewed,md,https://earthquake.usgs.gov/earthquakes/eventpage/pr71535218,USGS Earthquake Hazards Program,2026-10-04T19:51:31Z
pr71535213,3.14,2.5 to <4.5,"4 km NNE of Animas, Puerto Rico",2026-09-30T21:00:48Z,1790802048480,2026-09-30,105.39,-66.6136666666667,18.4778333333333,reviewed,md,https://earthquake.usgs.gov/earthquakes/eventpage/pr71535213,USGS Earthquake Hazards Program,2026-10-04T19:51:31Z
nc75441981,2.63,2.5 to <4.5,"1 km SW of Anderson Springs, CA",2026-09-30T20:48:14Z,1790801294500,2026-09-30,1.78999996185303,-122.700668334961,38.7664985656738,automatic,md,https://earthquake.usgs.gov/earthquakes/eventpage/nc75441981,USGS Earthquake Hazards Program,2026-10-04T19:51:31Z
tx2026tguohs,2.6,2.5 to <4.5,"16 km ESE of Pearsall, Texas",2026-09-30T19:37:44Z,1790797064260,2026-09-30,7.6057,-98.928,28.851,reviewed,ml,https://earthquake.usgs.gov/earthquakes/eventpage/tx2026tguohs,USGS Earthquake Hazards Program,2026-10-04T19:51:31Z
us6000tyl5,4.2,2.5 to <4.5,"286 km W of Adak, Alaska",2026-09-30T19:10:09Z,1790795409166,2026-09-30,119.22,179.2118,51.8805,reviewed,mb,https://earthquake.usgs.gov/earthquakes/eventpage/us6000tyl5,USGS Earthquake Hazards Program,2026-10-04T19:51:31Z
us6000tykw,4.9,4.5 to <6,"136 km SE of Petropavlovsk-Kamchatsky, Russia",2026-09-30T18:36:22Z,1790793382667,2026-09-30,31.929,160.2895,52.3676,reviewed,mb,https://earthquake.usgs.gov/earthquakes/eventpage/us6000tykw,USGS Earthquake Hazards Program,2026-10-04T19:51:31Z
us6000tyku,5,4.5 to <6,"142 km SE of Petropavlovsk-Kamchatsky, Russia",2026-09-30T18:21:19Z,1790792479257,2026-09-30,35,160.3332,52.3167,reviewed,mb,https://earthquake.usgs.gov/earthquakes/eventpage/us6000tyku,USGS Earthquake Hazards Program,2026-10-04T19:51:31Z
us6000tyke,4.4,2.5 to <4.5,"48 km WNW of Luwuk, Indonesia",2026-09-30T16:29:32Z,1790785772799,2026-09-30,10,122.3906,-0.7769,reviewed,mb,https://earthquake.usgs.gov/earthquakes/eventpage/us6000tyke,USGS Earthquake Hazards Program,2026-10-04T19:51:31Z
hv75045952,2.62,2.5 to <4.5,"13 km NE of Pāhala, Hawaii",2026-09-30T15:02:23Z,1790780543230,2026-09-30,30.5,-155.387833333333,19.2868333333333,reviewed,ml,https://earthquake.usgs.gov/earthquakes/eventpage/hv75045952,USGS Earthquake Hazards Program,2026-10-04T19:51:31Z
pr71535193,2.6,2.5 to <4.5,"38 km N of Cruz Bay, U.S. Virgin Islands",2026-09-30T14:32:45Z,1790778765780,2026-09-30,19.9,-64.8291666666667,18.6803333333333,reviewed,md,https://earthquake.usgs.gov/earthquakes/eventpage/pr71535193,USGS Earthquake Hazards Program,2026-10-04T19:51:31Z
tx2026tgiogl,2.9,2.5 to <4.5,"61 km S of Whites City, New Mexico",2026-09-30T13:35:58Z,1790775358370,2026-09-30,6.2024,-104.363,31.618,reviewed,ml,https://earthquake.usgs.gov/earthquakes/eventpage/tx2026tgiogl,USGS Earthquake Hazards Program,2026-10-04T19:51:31Z
us6000tyjm,4.6,4.5 to <6,"83 km S of Yonakuni, Japan",2026-09-30T12:02:58Z,1790769778808,2026-09-30,10,122.8749,23.725,reviewed,mb,https://earthquake.usgs.gov/earthquakes/eventpage/us6000tyjm,USGS Earthquake Hazards Program,2026-10-04T19:51:31Z
us6000tyjl,4.4,2.5 to <4.5,"47 km S of Trà My, Vietnam",2026-09-30T11:24:41Z,1790767481639,2026-09-30,10,108.2955,14.9174,reviewed,mb,https://earthquake.usgs.gov/earthquakes/eventpage/us6000tyjl,USGS Earthquake Hazards Program,2026-10-04T19:51:31Z
us6000tyjg,4.5,4.5 to <6,"271 km S of Dunhuang, China",2026-09-30T11:21:31Z,1790767291407,2026-09-30,10,95.2949,37.7681,reviewed,mb,https://earthquake.usgs.gov/earthquakes/eventpage/us6000tyjg,USGS Earthquake Hazards Program,2026-10-04T19:51:31Z
us6000tyjb,5,4.5 to <6,"27 km N of Kupang, Indonesia",2026-09-30T10:58:50Z,1790765930586,2026-09-30,19.368,123.6462,-9.9243,reviewed,mb,https://earthquake.usgs.gov/earthquakes/eventpage/us6000tyjb,USGS Earthquake Hazards Program,2026-10-04T19:51:31Z
pr2026273001,3.58,2.5 to <4.5,"127 km NNE of Vieques, Puerto Rico",2026-09-30T10:56:40Z,1790765800600,2026-09-30,77,-65.3035,19.4623,reviewed,md,https://earthquake.usgs.gov/earthquakes/eventpage/pr2026273001,USGS Earthquake Hazards Program,2026-10-04T19:51:31Z
aka2026tjfajm,3.1,2.5 to <4.5,"26 km N of Glacier View, Alaska",2026-09-30T10:31:47Z,1790764307887,2026-09-30,20.8,-147.635,62.048,automatic,ml,https://earthquake.usgs.gov/earthquakes/eventpage/aka2026tjfajm,USGS Earthquake Hazards Program,2026-10-04T19:51:31Z
tx2026tgcgrj,3.1,2.5 to <4.5,"20 km WNW of Stanton, Texas",2026-09-30T10:25:49Z,1790763949372,2026-09-30,7.7881,-101.976,32.222,reviewed,ml,https://earthquake.usgs.gov/earthquakes/eventpage/tx2026tgcgrj,USGS Earthquake Hazards Program,2026-10-04T19:51:31Z
pr2026273000,3.6,2.5 to <4.5,"109 km NE of Cruz Bay, U.S. Virgin Islands",2026-09-30T09:19:50Z,1790759990810,2026-09-30,80,-64.022,18.9975,reviewed,ml,https://earthquake.usgs.gov/earthquakes/eventpage/pr2026273000,USGS Earthquake Hazards Program,2026-10-04T19:51:31Z
tx2026tfzcgy,3.3,2.5 to <4.5,"61 km S of Whites City, New Mexico",2026-09-30T08:50:13Z,1790758213448,2026-09-30,6.9714,-104.364,31.624,reviewed,ml,https://earthquake.usgs.gov/earthquakes/eventpage/tx2026tfzcgy,USGS Earthquake Hazards Program,2026-10-04T19:51:31Z
aka2026tjasea,2.5,2.5 to <4.5,"7 km WSW of Willow, Alaska",2026-09-30T08:22:22Z,1790756542630,2026-09-30,5,-150.174,61.731,reviewed,ml,https://earthquake.usgs.gov/earthquakes/eventpage/aka2026tjasea,USGS Earthquake Hazards Program,2026-10-04T19:51:31Z
us6000tyit,5.1,4.5 to <6,"121 km S of Kokopo, Papua New Guinea",2026-09-30T08:15:17Z,1790756117486,2026-09-30,28.026,152.1328,-5.435,reviewed,mb,https://earthquake.usgs.gov/earthquakes/eventpage/us6000tyit,USGS Earthquake Hazards Program,2026-10-04T19:51:31Z
us6000tyil,4.2,2.5 to <4.5,"11 km WNW of Ashkāsham, Afghanistan",2026-09-30T07:39:02Z,1790753942750,2026-09-30,171.389,71.4151,36.734,reviewed,mb,https://earthquake.usgs.gov/earthquakes/eventpage/us6000tyil,USGS Earthquake Hazards Program,2026-10-04T19:51:31Z
us6000tyik,5.2,4.5 to <6,Balleny Islands region,2026-09-30T07:07:16Z,1790752036005,2026-09-30,10,171.414,-63.5619,reviewed,mww,https://earthquake.usgs.gov/earthquakes/eventpage/us6000tyik,USGS Earthquake Hazards Program,2026-10-04T19:51:31Z
us6000tyid,5,4.5 to <6,"83 km NE of Tadine, New Caledonia",2026-09-30T06:50:03Z,1790751003339,2026-09-30,10,168.4237,-20.988,reviewed,mb,https://earthquake.usgs.gov/earthquakes/eventpage/us6000tyid,USGS Earthquake Hazards Program,2026-10-04T19:51:31Z
us6000tyhn,4.6,4.5 to <6,"3 km W of Thívai, Greece",2026-09-30T05:20:59Z,1790745659067,2026-09-30,9.833,23.2795,38.3276,reviewed,mb,https://earthquake.usgs.gov/earthquakes/eventpage/us6000tyhn,USGS Earthquake Hazards Program,2026-10-04T19:51:31Z
us6000tyhk,5.6,4.5 to <6,"74 km S of Yonakuni, Japan",2026-09-30T05:00:24Z,1790744424971,2026-09-30,10.792,122.9149,23.8027,reviewed,mww,https://earthquake.usgs.gov/earthquakes/eventpage/us6000tyhk,USGS Earthquake Hazards Program,2026-10-04T19:51:31Z
us6000tyhi,5.4,4.5 to <6,Balleny Islands region,2026-09-30T04:48:06Z,1790743686031,2026-09-30,10,169.2156,-63.0088,reviewed,mww,https://earthquake.usgs.gov/earthquakes/eventpage/us6000tyhi,USGS Earthquake Hazards Program,2026-10-04T19:51:31Z
us6000tyhe,4.2,2.5 to <4.5,"39 km W of Plan de Ayala, Mexico",2026-09-30T04:06:59Z,1790741219706,2026-09-30,177.736,-93.8603,17.4713,reviewed,mb,https://earthquake.usgs.gov/earthquakes/eventpage/us6000tyhe,USGS Earthquake Hazards Program,2026-10-04T19:51:31Z
ci41340823,3.81008714964485,2.5 to <4.5,"4 km SE of Piru, CA",2026-09-30T03:00:27Z,1790737227210,2026-09-30,9.59,-118.763166666667,34.3933333333333,reviewed,mw,https://earthquake.usgs.gov/earthquakes/eventpage/ci41340823,USGS Earthquake Hazards Program,2026-10-04T19:51:31Z
us6000tyh0,4.5,4.5 to <6,"112 km SSW of Banda Aceh, Indonesia",2026-09-30T02:35:50Z,1790735750369,2026-09-30,33.873,94.8515,4.6488,reviewed,mb,https://earthquake.usgs.gov/earthquakes/eventpage/us6000tyh0,USGS Earthquake Hazards Program,2026-10-04T19:51:31Z
us6000tygz,4.5,4.5 to <6,"104 km SSE of Sarangani, Philippines",2026-09-30T02:30:44Z,1790735444716,2026-09-30,156.847,125.7472,4.5021,reviewed,mb,https://earthquake.usgs.gov/earthquakes/eventpage/us6000tygz,USGS Earthquake Hazards Program,2026-10-04T19:51:31Z
us6000tygs,4.8,4.5 to <6,"18 km SW of Tayaman, Philippines",2026-09-30T01:34:05Z,1790732045751,2026-09-30,10,120.4734,13.0922,reviewed,mb,https://earthquake.usgs.gov/earthquakes/eventpage/us6000tygs,USGS Earthquake Hazards Program,2026-10-04T19:51:31Z
us6000tygq,4.8,4.5 to <6,"75 km NE of Tadine, New Caledonia",2026-09-30T01:17:47Z,1790731067844,2026-09-30,10,168.3284,-21.0085,reviewed,mb,https://earthquake.usgs.gov/earthquakes/eventpage/us6000tygq,USGS Earthquake Hazards Program,2026-10-04T19:51:31Z
us6000tygh,4.4,2.5 to <4.5,"142 km SSW of La Esperanza (El Zapotal), Mexico",2026-09-30T00:25:25Z,1790727925138,2026-09-30,10,-93.8464,14.3416,reviewed,mb,https://earthquake.usgs.gov/earthquakes/eventpage/us6000tygh,USGS Earthquake Hazards Program,2026-10-04T19:51:31Z
us6000tyfk,4.5,4.5 to <6,"15 km SW of San Antonio, Colombia",2026-09-29T21:50:29Z,1790718629969,2026-09-29,10,-75.5906,3.8311,reviewed,mb,https://earthquake.usgs.gov/earthquakes/eventpage/us6000tyfk,USGS Earthquake Hazards Program,2026-10-04T19:51:31Z
uw714111952,4.15,2.5 to <4.5,"6 km WNW of Wauna, Washington",2026-09-29T21:05:56Z,1790715956370,2026-09-29,27.92,-122.722,47.4003333333333,reviewed,ml,https://earthquake.usgs.gov/earthquakes/eventpage/uw714111952,USGS Earthquake Hazards Program,2026-10-04T19:51:31Z
us6000tyf0,4.7,4.5 to <6,"49 km N of Dicabisagan, Philippines",2026-09-29T20:45:50Z,1790714750983,2026-09-29,10,122.4136,17.5267,reviewed,mb,https://earthquake.usgs.gov/earthquakes/eventpage/us6000tyf0,USGS Earthquake Hazards Program,2026-10-04T19:51:31Z
us6000tye9,4.1,2.5 to <4.5,"92 km NE of San Pedro de Atacama, Chile",2026-09-29T18:21:49Z,1790706109888,2026-09-29,178.025,-67.5824,-22.3093,reviewed,mb,https://earthquake.usgs.gov/earthquakes/eventpage/us6000tye9,USGS Earthquake Hazards Program,2026-10-04T19:51:31Z
us6000tycv,4.7,4.5 to <6,"50 km N of Fangale’ounga, Tonga",2026-09-29T16:13:02Z,1790698382568,2026-09-29,56.776,-174.2536,-19.2971,reviewed,mb,https://earthquake.usgs.gov/earthquakes/eventpage/us6000tycv,USGS Earthquake Hazards Program,2026-10-04T19:51:31Z
nc75444432,2.58,2.5 to <4.5,"6 km W of Yountville, CA",2026-09-29T16:06:37Z,1790697997410,2026-09-29,8.30000019073486,-122.424003601074,38.3988342285156,automatic,md,https://earthquake.usgs.gov/earthquakes/eventpage/nc75444432,USGS Earthquake Hazards Program,2026-10-04T19:51:31Z
us6000tycz,4.6,4.5 to <6,West Chile Rise,2026-09-29T15:31:18Z,1790695878586,2026-09-29,10,-91.4145,-40.9373,reviewed,mb,https://earthquake.usgs.gov/earthquakes/eventpage/us6000tycz,USGS Earthquake Hazards Program,2026-10-04T19:51:31Z
us6000tyck,4.8,4.5 to <6,South Sandwich Islands region,2026-09-29T15:17:18Z,1790695038167,2026-09-29,114.229,-25.9552,-58.7473,reviewed,mb,https://earthquake.usgs.gov/earthquakes/eventpage/us6000tyck,USGS Earthquake Hazards Program,2026-10-04T19:51:31Z
us6000tych,4.4,2.5 to <4.5,"192 km ESE of Mil’kovo, Russia",2026-09-29T14:40:28Z,1790692828155,2026-09-29,54.014,161.3866,54.0783,reviewed,mb,https://earthquake.usgs.gov/earthquakes/eventpage/us6000tych,USGS Earthquake Hazards Program,2026-10-04T19:51:31Z
us6000tyc9,4.9,4.5 to <6,"61 km NW of Pante Makasar, Timor Leste",2026-09-29T14:14:05Z,1790691245529,2026-09-29,153.006,123.9679,-8.8321,reviewed,mb,https://earthquake.usgs.gov/earthquakes/eventpage/us6000tyc9,USGS Earthquake Hazards Program,2026-10-04T19:51:31Z
us6000tyc3,5.5,4.5 to <6,southern Mid-Atlantic Ridge,2026-09-29T13:06:09Z,1790687169941,2026-09-29,10,-16.0771,-35.2758,reviewed,mww,https://earthquake.usgs.gov/earthquakes/eventpage/us6000tyc3,USGS Earthquake Hazards Program,2026-10-04T19:51:31Z
us6000tyc1,5.4,4.5 to <6,"99 km SSE of Pangai, Tonga",2026-09-29T12:40:35Z,1790685635064,2026-09-29,10,-174.0813,-20.6773,reviewed,mb,https://earthquake.usgs.gov/earthquakes/eventpage/us6000tyc1,USGS Earthquake Hazards Program,2026-10-04T19:51:31Z
nc75444342,2.51,2.5 to <4.5,"2 km SSW of Round Valley, CA",2026-09-29T12:18:44Z,1790684324820,2026-09-29,8.59000015258789,-118.605003356934,37.3976669311523,automatic,md,https://earthquake.usgs.gov/earthquakes/eventpage/nc75444342,USGS Earthquake Hazards Program,2026-10-04T19:51:31Z
nc75444322,4.77,4.5 to <6,"97 km W of Petrolia, CA",2026-09-29T11:36:39Z,1790681799240,2026-09-29,10,-125.418333333333,40.4225,reviewed,mw,https://earthquake.usgs.gov/earthquakes/eventpage/nc75444322,USGS Earthquake Hazards Program,2026-10-04T19:51:31Z
us6000tybs,4.8,4.5 to <6,"98 km SW of Port-Vila, Vanuatu",2026-09-29T11:27:48Z,1790681268406,2026-09-29,10,167.5446,-18.2306,reviewed,mb,https://earthquake.usgs.gov/earthquakes/eventpage/us6000tybs,USGS Earthquake Hazards Program,2026-10-04T19:51:31Z
us6000tybr,5,4.5 to <6,"77 km ENE of Tadine, New Caledonia",2026-09-29T10:42:57Z,1790678577409,2026-09-29,10,168.5924,-21.3447,reviewed,mb,https://earthquake.usgs.gov/earthquakes/eventpage/us6000tybr,USGS Earthquake Hazards Program,2026-10-04T19:51:31Z
aka2026thiuub,2.5,2.5 to <4.5,"71 km WSW of Nanwalek, Alaska",2026-09-29T10:26:03Z,1790677563088,2026-09-29,74.5,-153.117,59.162,automatic,ml,https://earthquake.usgs.gov/earthquakes/eventpage/aka2026thiuub,USGS Earthquake Hazards Program,2026-10-04T19:51:31Z
us6000tybl,4,2.5 to <4.5,"64 km SE of King Cove, Alaska",2026-09-29T10:24:37Z,1790677477599,2026-09-29,49.875,-161.5901,54.66,reviewed,mb,https://earthquake.usgs.gov/earthquakes/eventpage/us6000tybl,USGS Earthquake Hazards Program,2026-10-04T19:51:31Z
us6000tybk,4.5,4.5 to <6,"96 km ENE of Alianza Cristiana, Peru",2026-09-29T10:22:14Z,1790677334613,2026-09-29,134.763,-75.6413,-3.1213,reviewed,mb,https://earthquake.usgs.gov/earthquakes/eventpage/us6000tybk,USGS Earthquake Hazards Program,2026-10-04T19:51:31Z
aka2026thikql,3.2,2.5 to <4.5,"28 km W of Elfin Cove, Alaska",2026-09-29T10:14:35Z,1790676875593,2026-09-29,8,-136.833,58.195,automatic,ml,https://earthquake.usgs.gov/earthquakes/eventpage/aka2026thikql,USGS Earthquake Hazards Program,2026-10-04T19:51:31Z
nn00925017,3.07,2.5 to <4.5,"19 km W of Preston, Nevada",2026-09-29T09:50:11Z,1790675411265,2026-09-29,0,-115.2879,38.9214,reviewed,ml,https://earthquake.usgs.gov/earthquakes/eventpage/nn00925017,USGS Earthquake Hazards Program,2026-10-04T19:51:31Z
us6000tyb6,4.5,4.5 to <6,"95 km SSW of Ocós, Guatemala",2026-09-29T08:21:56Z,1790670116906,2026-09-29,41.479,-92.6345,13.7623,reviewed,mb,https://earthquake.usgs.gov/earthquakes/eventpage/us6000tyb6,USGS Earthquake Hazards Program,2026-10-04T19:51:31Z
aka2026thenke,2.5,2.5 to <4.5,"12 km N of Karluk, Alaska",2026-09-29T08:17:48Z,1790669868081,2026-09-29,58.8,-154.489,57.678,automatic,ml,https://earthquake.usgs.gov/earthquakes/eventpage/aka2026thenke,USGS Earthquake Hazards Program,2026-10-04T19:51:31Z
us6000tyat,4.8,4.5 to <6,South Sandwich Islands region,2026-09-29T06:38:49Z,1790663929006,2026-09-29,35,-28.4628,-55.2555,reviewed,mb,https://earthquake.usgs.gov/earthquakes/eventpage/us6000tyat,USGS Earthquake Hazards Program,2026-10-04T19:51:31Z
us6000tyap,4.4,2.5 to <4.5,"102 km E of Miyako, Japan",2026-09-29T06:16:34Z,1790662594063,2026-09-29,36.868,143.1352,39.6854,reviewed,mb,https://earthquake.usgs.gov/earthquakes/eventpage/us6000tyap,USGS Earthquake Hazards Program,2026-10-04T19:51:31Z
us6000tyab,4.8,4.5 to <6,South Sandwich Islands region,2026-09-29T04:16:27Z,1790655387199,2026-09-29,35.08,-28.2098,-55.3157,reviewed,mb,https://earthquake.usgs.gov/earthquakes/eventpage/us6000tyab,USGS Earthquake Hazards Program,2026-10-04T19:51:31Z
pr71535083,2.57,2.5 to <4.5,"4 km NNE of Aguas Buenas, Puerto Rico",2026-09-29T04:14:36Z,1790655276820,2026-09-29,65.66,-66.0948333333333,18.2948333333333,reviewed,md,https://earthquake.usgs.gov/earthquakes/eventpage/pr71535083,USGS Earthquake Hazards Program,2026-10-04T19:51:31Z
us6000tya5,5.3,4.5 to <6,"76 km NE of Tadine, New Caledonia",2026-09-29T03:23:54Z,1790652234418,2026-09-29,10,168.4092,-21.0716,reviewed,mww,https://earthquake.usgs.gov/earthquakes/eventpage/us6000tya5,USGS Earthquake Hazards Program,2026-10-04T19:51:31Z
us6000ty9x,3,2.5 to <4.5,"17 km E of Eagle Village, Alaska",2026-09-29T02:26:32Z,1790648792341,2026-09-29,8.676,-140.7479,64.7884,reviewed,ml,https://earthquake.usgs.gov/earthquakes/eventpage/us6000ty9x,USGS Earthquake Hazards Program,2026-10-04T19:51:31Z
pr71535063,3.37,2.5 to <4.5,"7 km E of La Romana, Dominican Republic",2026-09-29T01:46:26Z,1790646386910,2026-09-29,114.94,-68.9001666666667,18.4306666666667,reviewed,md,https://earthquake.usgs.gov/earthquakes/eventpage/pr71535063,USGS Earthquake Hazards Program,2026-10-04T19:51:31Z
pr71535043,3.34,2.5 to <4.5,"92 km NE of Cruz Bay, U.S. Virgin Islands",2026-09-29T00:55:42Z,1790643342180,2026-09-29,21.19,-64.1583333333333,18.9121666666667,reviewed,md,https://earthquake.usgs.gov/earthquakes/eventpage/pr71535043,USGS Earthquake Hazards Program,2026-10-04T19:51:31Z
us6000ty9j,4.4,2.5 to <4.5,"186 km NNE of Caluula, Somalia",2026-09-29T00:11:43Z,1790640703717,2026-09-29,10,51.1906,13.5996,reviewed,mb,https://earthquake.usgs.gov/earthquakes/eventpage/us6000ty9j,USGS Earthquake Hazards Program,2026-10-04T19:51:31Z
us6000ty9i,4.5,4.5 to <6,"173 km SE of Atlasovo, Russia",2026-09-29T00:05:23Z,1790640323887,2026-09-29,35,161.5616,54.5068,reviewed,mb,https://earthquake.usgs.gov/earthquakes/eventpage/us6000ty9i,USGS Earthquake Hazards Program,2026-10-04T19:51:31Z
us6000tyht,2.9,2.5 to <4.5,"Rat Islands, Aleutian Islands, Alaska",2026-09-28T23:14:52Z,1790637292114,2026-09-28,155.908,178.3674,52.2891,reviewed,ml,https://earthquake.usgs.gov/earthquakes/eventpage/us6000tyht,USGS Earthquake Hazards Program,2026-10-04T19:51:31Z
us6000ty8z,3,2.5 to <4.5,"2 km SSW of Bogue, Kansas",2026-09-28T22:54:45Z,1790636085216,2026-09-28,5,-99.7052,39.3409,reviewed,mb_lg,https://earthquake.usgs.gov/earthquakes/eventpage/us6000ty8z,USGS Earthquake Hazards Program,2026-10-04T19:51:31Z
aka2026tglryr,2.5,2.5 to <4.5,"80 km SSW of Nikolski, Alaska",2026-09-28T22:53:10Z,1790635990787,2026-09-28,20.5,-169.273,52.265,reviewed,ml,https://earthquake.usgs.gov/earthquakes/eventpage/aka2026tglryr,USGS Earthquake Hazards Program,2026-10-04T19:51:31Z
us6000ty8y,2.5,2.5 to <4.5,"9 km S of Bogue, Kansas",2026-09-28T22:50:25Z,1790635825589,2026-09-28,10,-99.6976,39.2812,reviewed,mb_lg,https://earthquake.usgs.gov/earthquakes/eventpage/us6000ty8y,USGS Earthquake Hazards Program,2026-10-04T19:51:31Z
us6000tyhm,3,2.5 to <4.5,"Rat Islands, Aleutian Islands, Alaska",2026-09-28T22:29:31Z,1790634571108,2026-09-28,35,178.7348,51.3963,reviewed,ml,https://earthquake.usgs.gov/earthquakes/eventpage/us6000tyhm,USGS Earthquake Hazards Program,2026-10-04T19:51:31Z
us6000ty8v,4.4,2.5 to <4.5,south of the Fiji Islands,2026-09-28T22:25:49Z,1790634349241,2026-09-28,465.399,-179.2457,-24.7523,reviewed,mb,https://earthquake.usgs.gov/earthquakes/eventpage/us6000ty8v,USGS Earthquake Hazards Program,2026-10-04T19:51:31Z
aka2026tgirii,2.7,2.5 to <4.5,"22 km SSW of Susitna, Alaska",2026-09-28T21:22:37Z,1790630557091,2026-09-28,57.1,-150.635,61.346,reviewed,ml,https://earthquake.usgs.gov/earthquakes/eventpage/aka2026tgirii,USGS Earthquake Hazards Program,2026-10-04T19:51:31Z
us6000tyib,3,2.5 to <4.5,"112 km SSW of False Pass, Alaska",2026-09-28T20:13:51Z,1790626431238,2026-09-28,35,-164.0477,53.9119,reviewed,ml,https://earthquake.usgs.gov/earthquakes/eventpage/us6000tyib,USGS Earthquake Hazards Program,2026-10-04T19:51:31Z
us6000ty7u,4.9,4.5 to <6,"2 km SW of Sakai, Japan",2026-09-28T19:45:07Z,1790624707515,2026-09-28,70.972,139.7782,36.0809,reviewed,mww,https://earthquake.usgs.gov/earthquakes/eventpage/us6000ty7u,USGS Earthquake Hazards Program,2026-10-04T19:51:31Z
pr71535013,2.91,2.5 to <4.5,"45 km N of Charlotte Amalie, U.S. Virgin Islands",2026-09-28T19:19:54Z,1790623194480,2026-09-28,23.6,-64.9403333333333,18.7485,reviewed,md,https://earthquake.usgs.gov/earthquakes/eventpage/pr71535013,USGS Earthquake Hazards Program,2026-10-04T19:51:31Z
us6000tyi8,3,2.5 to <4.5,"78 km SE of Adak, Alaska",2026-09-28T19:10:40Z,1790622640917,2026-09-28,35,-175.6996,51.4708,reviewed,ml,https://earthquake.usgs.gov/earthquakes/eventpage/us6000tyi8,USGS Earthquake Hazards Program,2026-10-04T19:51:31Z
us6000ty73,4.6,4.5 to <6,"36 km SE of Hualien City, Taiwan",2026-09-28T18:20:44Z,1790619644330,2026-09-28,19.011,121.8063,23.702,reviewed,mwr,https://earthquake.usgs.gov/earthquakes/eventpage/us6000ty73,USGS Earthquake Hazards Program,2026-10-04T19:51:31Z
aka2026tgbunv,2.6,2.5 to <4.5,"97 km SSE of Atka, Alaska",2026-09-28T17:56:09Z,1790618169265,2026-09-28,40,-173.806,51.353,reviewed,ml,https://earthquake.usgs.gov/earthquakes/eventpage/aka2026tgbunv,USGS Earthquake Hazards Program,2026-10-04T19:51:31Z
aka2026tgbuia,2.7,2.5 to <4.5,"13 km NNW of Ninilchik, Alaska",2026-09-28T17:55:53Z,1790618153281,2026-09-28,71.4,-151.729,60.168,reviewed,ml,https://earthquake.usgs.gov/earthquakes/eventpage/aka2026tgbuia,USGS Earthquake Hazards Program,2026-10-04T19:51:31Z
us6000ty71,4.8,4.5 to <6,"155 km NNW of Kilmia, Yemen",2026-09-28T17:37:55Z,1790617075108,2026-09-28,10,51.4935,13.3879,reviewed,mb,https://earthquake.usgs.gov/earthquakes/eventpage/us6000ty71,USGS Earthquake Hazards Program,2026-10-04T19:51:31Z
aka2026tgbcma,2.8,2.5 to <4.5,"41 km N of Chase, Alaska",2026-09-28T17:35:06Z,1790616906456,2026-09-28,71,-150.092,62.822,reviewed,ml,https://earthquake.usgs.gov/earthquakes/eventpage/aka2026tgbcma,USGS Earthquake Hazards Program,2026-10-04T19:51:31Z
us6000tyi0,2.9,2.5 to <4.5,"34 km NW of Atka, Alaska",2026-09-28T17:19:35Z,1790615975642,2026-09-28,213.76,-174.6107,52.3736,reviewed,ml,https://earthquake.usgs.gov/earthquakes/eventpage/us6000tyi0,USGS Earthquake Hazards Program,2026-10-04T19:51:31Z
aka2026tfzxlg,2.5,2.5 to <4.5,"292 km WSW of Adak, Alaska",2026-09-28T16:59:27Z,1790614767730,2026-09-28,29.7,179.345,51.099,reviewed,ml,https://earthquake.usgs.gov/earthquakes/eventpage/aka2026tfzxlg,USGS Earthquake Hazards Program,2026-10-04T19:51:31Z
aka2026tfzjzc,3.6,2.5 to <4.5,"42 km WSW of Anchor Point, Alaska",2026-09-28T16:44:00Z,1790613840406,2026-09-28,86.6,-152.565,59.674,reviewed,ml,https://earthquake.usgs.gov/earthquakes/eventpage/aka2026tfzjzc,USGS Earthquake Hazards Program,2026-10-04T19:51:31Z
us6000ty5m,4.9,4.5 to <6,"124 km SE of Pondaguitan, Philippines",2026-09-28T15:01:39Z,1790607699183,2026-09-28,78.202,127.0338,5.634,reviewed,mb,https://earthquake.usgs.gov/earthquakes/eventpage/us6000ty5m,USGS Earthquake Hazards Program,2026-10-04T19:51:31Z
aka2026tfvugv,4.2,2.5 to <4.5,"7 km SE of Denali National Park, Alaska",2026-09-28T14:55:55Z,1790607355260,2026-09-28,5,-151.62,63.492,reviewed,ml,https://earthquake.usgs.gov/earthquakes/eventpage/aka2026tfvugv,USGS Earthquake Hazards Program,2026-10-04T19:51:31Z
us6000ty5h,4.7,4.5 to <6,"115 km WSW of Banda Aceh, Indonesia",2026-09-28T14:43:10Z,1790606590687,2026-09-28,45.734,94.3303,5.2548,reviewed,mb,https://earthquake.usgs.gov/earthquakes/eventpage/us6000ty5h,USGS Earthquake Hazards Program,2026-10-04T19:51:31Z
us6000ty5f,4.3,2.5 to <4.5,"6 km NNE of Cepitá, Colombia",2026-09-28T14:42:31Z,1790606551470,2026-09-28,155.23,-72.9604,6.8087,reviewed,mb,https://earthquake.usgs.gov/earthquakes/eventpage/us6000ty5f,USGS Earthquake Hazards Program,2026-10-04T19:51:31Z
aka2026tfuxum,2.5,2.5 to <4.5,"55 km SW of Nikolski, Alaska",2026-09-28T14:30:00Z,1790605800072,2026-09-28,16.3,-169.347,52.535,reviewed,ml,https://earthquake.usgs.gov/earthquakes/eventpage/aka2026tfuxum,USGS Earthquake Hazards Program,2026-10-04T19:51:31Z
us6000ty5c,4.3,2.5 to <4.5,"Izu Islands, Japan region",2026-09-28T14:00:41Z,1790604041104,2026-09-28,290.166,138.8008,31.8082,reviewed,mb,https://earthquake.usgs.gov/earthquakes/eventpage/us6000ty5c,USGS Earthquake Hazards Program,2026-10-04T19:51:31Z
us6000ty5b,4.9,4.5 to <6,"22 km WNW of Malango, Solomon Islands",2026-09-28T13:38:40Z,1790602720724,2026-09-28,10,159.5458,-9.5835,reviewed,mb,https://earthquake.usgs.gov/earthquakes/eventpage/us6000ty5b,USGS Earthquake Hazards Program,2026-10-04T19:51:31Z
us6000ty59,3.2,2.5 to <4.5,"275 km W of Indianola, California",2026-09-28T13:30:32Z,1790602232105,2026-09-28,10,-127.4517,41.1377,reviewed,ml,https://earthquake.usgs.gov/earthquakes/eventpage/us6000ty59,USGS Earthquake Hazards Program,2026-10-04T19:51:31Z
us6000ty57,5.4,4.5 to <6,north of Svalbard,2026-09-28T13:22:39Z,1790601759769,2026-09-28,10,-7.1923,82.6385,reviewed,mww,https://earthquake.usgs.gov/earthquakes/eventpage/us6000ty57,USGS Earthquake Hazards Program,2026-10-04T19:51:31Z
aka2026tfsled,3,2.5 to <4.5,"7 km ENE of Denali Park, Alaska",2026-09-28T13:15:28Z,1790601328123,2026-09-28,109.5,-148.775,63.758,reviewed,ml,https://earthquake.usgs.gov/earthquakes/eventpage/aka2026tfsled,USGS Earthquake Hazards Program,2026-10-04T19:51:31Z
aka2026tfrckv,2.6,2.5 to <4.5,"285 km WSW of Adak, Alaska",2026-09-28T12:35:22Z,1790598922189,2026-09-28,16.7,179.521,50.965,reviewed,ml,https://earthquake.usgs.gov/earthquakes/eventpage/aka2026tfrckv,USGS Earthquake Hazards Program,2026-10-04T19:51:31Z
us6000ty4w,4.7,4.5 to <6,Fiji region,2026-09-28T12:14:24Z,1790597664032,2026-09-28,573.114,-178.4971,-20.6932,reviewed,mb,https://earthquake.usgs.gov/earthquakes/eventpage/us6000ty4w,USGS Earthquake Hazards Program,2026-10-04T19:51:31Z
aka2026tfplzt,3.9,2.5 to <4.5,"65 km SE of Cantwell, Alaska",2026-09-28T11:46:28Z,1790595988611,2026-09-28,52.1,-148.093,62.952,reviewed,ml,https://earthquake.usgs.gov/earthquakes/eventpage/aka2026tfplzt,USGS Earthquake Hazards Program,2026-10-04T19:51:31Z
hv75044597,2.78,2.5 to <4.5,"6 km SW of Pāhala, Hawaii",2026-09-28T11:35:25Z,1790595325710,2026-09-28,34.58,-155.5175,19.1566666666667,reviewed,ml,https://earthquake.usgs.gov/earthquakes/eventpage/hv75044597,USGS Earthquake Hazards Program,2026-10-04T19:51:31Z
aka2026tfojkt,3.3,2.5 to <4.5,"97 km SSW of Atka, Alaska",2026-09-28T11:13:35Z,1790594015798,2026-09-28,6.8,-174.908,51.442,reviewed,ml,https://earthquake.usgs.gov/earthquakes/eventpage/aka2026tfojkt,USGS Earthquake Hazards Program,2026-10-04T19:51:31Z
aka2026tfoaya,3,2.5 to <4.5,"60 km SE of False Pass, Alaska",2026-09-28T11:03:45Z,1790593425276,2026-09-28,67.4,-162.69,54.502,reviewed,ml,https://earthquake.usgs.gov/earthquakes/eventpage/aka2026tfoaya,USGS Earthquake Hazards Program,2026-10-04T19:51:31Z
pr2026271000,3.8,2.5 to <4.5,"5 km WSW of San Rafael del Yuma, Dominican Republic",2026-09-28T10:54:05Z,1790592845830,2026-09-28,153,-68.7173,18.4086,reviewed,md,https://earthquake.usgs.gov/earthquakes/eventpage/pr2026271000,USGS Earthquake Hazards Program,2026-10-04T19:51:31Z
pr71534978,2.86,2.5 to <4.5,"41 km NNE of Luquillo, Puerto Rico",2026-09-28T10:13:38Z,1790590418810,2026-09-28,24.11,-65.604,18.7321666666667,reviewed,md,https://earthquake.usgs.gov/earthquakes/eventpage/pr71534978,USGS Earthquake Hazards Program,2026-10-04T19:51:31Z
aka2026tfmapb,2.6,2.5 to <4.5,"106 km SW of Adak, Alaska",2026-09-28T10:03:19Z,1790589799995,2026-09-28,20.8,-177.664,51.17,reviewed,ml,https://earthquake.usgs.gov/earthquakes/eventpage/aka2026tfmapb,USGS Earthquake Hazards Program,2026-10-04T19:51:31Z
aka2026tfkxeo,2.5,2.5 to <4.5,"23 km SSW of Susitna, Alaska",2026-09-28T09:29:27Z,1790587767218,2026-09-28,52.9,-150.684,61.354,reviewed,ml,https://earthquake.usgs.gov/earthquakes/eventpage/aka2026tfkxeo,USGS Earthquake Hazards Program,2026-10-04T19:51:31Z
us6000ty43,5.2,4.5 to <6,"190 km WSW of Port McNeill, Canada",2026-09-28T09:13:39Z,1790586819402,2026-09-28,10,-129.6785,50.171,reviewed,mww,https://earthquake.usgs.gov/earthquakes/eventpage/us6000ty43,USGS Earthquake Hazards Program,2026-10-04T19:51:31Z
us6000ty40,2.7,2.5 to <4.5,"199 km W of Gold Beach, Oregon",2026-09-28T08:45:20Z,1790585120234,2026-09-28,10,-126.8377,42.2555,reviewed,ml,https://earthquake.usgs.gov/earthquakes/eventpage/us6000ty40,USGS Earthquake Hazards Program,2026-10-04T19:51:31Z
us6000ty3z,4.3,2.5 to <4.5,"26 km WNW of Chaparral, Colombia",2026-09-28T08:39:55Z,1790584795313,2026-09-28,10,-75.7141,3.7929,reviewed,mb,https://earthquake.usgs.gov/earthquakes/eventpage/us6000ty3z,USGS Earthquake Hazards Program,2026-10-04T19:51:31Z
us6000ty3w,4.7,4.5 to <6,"65 km E of Pilar, Philippines",2026-09-28T08:16:13Z,1790583373363,2026-09-28,10,126.6861,9.9585,reviewed,mb,https://earthquake.usgs.gov/earthquakes/eventpage/us6000ty3w,USGS Earthquake Hazards Program,2026-10-04T19:51:31Z
aka2026tfijdt,2.7,2.5 to <4.5,"153 km S of Atka, Alaska",2026-09-28T08:13:11Z,1790583191876,2026-09-28,20,-173.956,50.824,reviewed,ml,https://earthquake.usgs.gov/earthquakes/eventpage/aka2026tfijdt,USGS Earthquake Hazards Program,2026-10-04T19:51:31Z
aka2026tfhmir,2.7,2.5 to <4.5,"201 km WSW of Adak, Alaska",2026-09-28T07:47:17Z,1790581637931,2026-09-28,19.8,-179.218,51.053,reviewed,ml,https://earthquake.usgs.gov/earthquakes/eventpage/aka2026tfhmir,USGS Earthquake Hazards Program,2026-10-04T19:51:31Z
pr71534948,3.37,2.5 to <4.5,"23 km SSE of Boca de Yuma, Dominican Republic",2026-09-28T07:35:09Z,1790580909620,2026-09-28,86.48,-68.5103333333333,18.185,reviewed,md,https://earthquake.usgs.gov/earthquakes/eventpage/pr71534948,USGS Earthquake Hazards Program,2026-10-04T19:51:31Z
us6000ty3k,4.4,2.5 to <4.5,"20 km SW of El Colomo, Mexico",2026-09-28T07:21:55Z,1790580115131,2026-09-28,51.814,-104.3766,18.9102,reviewed,mb,https://earthquake.usgs.gov/earthquakes/eventpage/us6000ty3k,USGS Earthquake Hazards Program,2026-10-04T19:51:31Z
aka2026tfglxg,2.6,2.5 to <4.5,"83 km ESE of Akutan, Alaska",2026-09-28T07:16:27Z,1790579787915,2026-09-28,24.3,-164.561,53.907,reviewed,ml,https://earthquake.usgs.gov/earthquakes/eventpage/aka2026tfglxg,USGS Earthquake Hazards Program,2026-10-04T19:51:31Z
us6000ty3c,4.7,4.5 to <6,"149 km NE of Hicks Bay, New Zealand",2026-09-28T06:37:56Z,1790577476356,2026-09-28,10,179.6666,-36.8177,reviewed,mb,https://earthquake.usgs.gov/earthquakes/eventpage/us6000ty3c,USGS Earthquake Hazards Program,2026-10-04T19:51:31Z
aka2026tfduzs,2.6,2.5 to <4.5,"91 km SE of Akutan, Alaska",2026-09-28T05:57:06Z,1790575026596,2026-09-28,20,-164.966,53.464,reviewed,ml,https://earthquake.usgs.gov/earthquakes/eventpage/aka2026tfduzs,USGS Earthquake Hazards Program,2026-10-04T19:51:31Z
nn00924977,3.3,2.5 to <4.5,"20 km W of Preston, Nevada",2026-09-28T05:53:11Z,1790574791730,2026-09-28,0,-115.2938,38.896,reviewed,ml,https://earthquake.usgs.gov/earthquakes/eventpage/nn00924977,USGS Earthquake Hazards Program,2026-10-04T19:51:31Z
us6000ty38,5.2,4.5 to <6,"67 km ENE of Tadine, New Caledonia",2026-09-28T05:45:29Z,1790574329689,2026-09-28,10,168.4274,-21.2247,reviewed,mb,https://earthquake.usgs.gov/earthquakes/eventpage/us6000ty38,USGS Earthquake Hazards Program,2026-10-04T19:51:31Z
us6000ty36,4.9,4.5 to <6,"39 km ENE of Tadine, New Caledonia",2026-09-28T05:42:32Z,1790574152024,2026-09-28,10,168.2294,-21.3968,reviewed,mb,https://earthquake.usgs.gov/earthquakes/eventpage/us6000ty36,USGS Earthquake Hazards Program,2026-10-04T19:51:31Z
us6000ty3a,4.6,4.5 to <6,"63 km ENE of Tadine, New Caledonia",2026-09-28T05:42:21Z,1790574141379,2026-09-28,10,168.3953,-21.2372,reviewed,mb,https://earthquake.usgs.gov/earthquakes/eventpage/us6000ty3a,USGS Earthquake Hazards Program,2026-10-04T19:51:31Z
aka2026tfdfhc,2.8,2.5 to <4.5,"62 km ESE of King Salmon, Alaska",2026-09-28T05:38:53Z,1790573933403,2026-09-28,151.8,-155.688,58.45,reviewed,ml,https://earthquake.usgs.gov/earthquakes/eventpage/aka2026tfdfhc,USGS Earthquake Hazards Program,2026-10-04T19:51:31Z
us6000ty33,5.1,4.5 to <6,"78 km ENE of Tadine, New Caledonia",2026-09-28T05:28:08Z,1790573288891,2026-09-28,10,168.5459,-21.2065,reviewed,mb,https://earthquake.usgs.gov/earthquakes/eventpage/us6000ty33,USGS Earthquake Hazards Program,2026-10-04T19:51:31Z
us6000ty2w,4.6,4.5 to <6,northwest of the Kuril Islands,2026-09-28T04:42:56Z,1790570576780,2026-09-28,258.706,151.5708,49.0259,reviewed,mb,https://earthquake.usgs.gov/earthquakes/eventpage/us6000ty2w,USGS Earthquake Hazards Program,2026-10-04T19:51:31Z
us6000ty2y,4.9,4.5 to <6,South Sandwich Islands region,2026-09-28T04:41:33Z,1790570493467,2026-09-28,35,-25.347,-57.6502,reviewed,mb,https://earthquake.usgs.gov/earthquakes/eventpage/us6000ty2y,USGS Earthquake Hazards Program,2026-10-04T19:51:31Z
us6000ty2u,5.4,4.5 to <6,"231 km WSW of Port McNeill, Canada",2026-09-28T04:41:21Z,1790570481639,2026-09-28,10,-130.2208,50.0527,reviewed,mww,https://earthquake.usgs.gov/earthquakes/eventpage/us6000ty2u,USGS Earthquake Hazards Program,2026-10-04T19:51:31Z
us6000ty55,3.4,2.5 to <4.5,"7 km SE of Almaty, Kazakhstan",2026-09-28T04:38:10Z,1790570290605,2026-09-28,10,76.9838,43.2073,reviewed,ml,https://earthquake.usgs.gov/earthquakes/eventpage/us6000ty55,USGS Earthquake Hazards Program,2026-10-04T19:51:31Z
pr71534903,2.59,2.5 to <4.5,"3 km SE of Galateo, Puerto Rico",2026-09-28T03:55:31Z,1790567731610,2026-09-28,66.53,-66.2358333333333,18.3465,reviewed,md,https://earthquake.usgs.gov/earthquakes/eventpage/pr71534903,USGS Earthquake Hazards Program,2026-10-04T19:51:31Z
aka2026tezneu,2.8,2.5 to <4.5,"45 km W of Salamatof, Alaska",2026-09-28T03:48:02Z,1790567282866,2026-09-28,91.2,-152.143,60.559,reviewed,ml,https://earthquake.usgs.gov/earthquakes/eventpage/aka2026tezneu,USGS Earthquake Hazards Program,2026-10-04T19:51:31Z
us6000ty2e,5.1,4.5 to <6,South Sandwich Islands region,2026-09-28T03:43:44Z,1790567024172,2026-09-28,35,-25.2785,-57.6701,reviewed,mb,https://earthquake.usgs.gov/earthquakes/eventpage/us6000ty2e,USGS Earthquake Hazards Program,2026-10-04T19:51:31Z
us6000ty2b,5.3,4.5 to <6,"60 km NE of Tadine, New Caledonia",2026-09-28T03:25:06Z,1790565906893,2026-09-28,10,168.3545,-21.2245,reviewed,mww,https://earthquake.usgs.gov/earthquakes/eventpage/us6000ty2b,USGS Earthquake Hazards Program,2026-10-04T19:51:31Z
us6000ty3j,4.7,4.5 to <6,"59 km NE of Tadine, New Caledonia",2026-09-28T03:15:54Z,1790565354201,2026-09-28,10,168.2188,-21.1166,reviewed,mb,https://earthquake.usgs.gov/earthquakes/eventpage/us6000ty3j,USGS Earthquake Hazards Program,2026-10-04T19:51:31Z
us6000ty27,4.9,4.5 to <6,"195 km WSW of Port McNeill, Canada",2026-09-28T02:53:43Z,1790564023974,2026-09-28,10,-129.7765,50.2372,reviewed,mww,https://earthquake.usgs.gov/earthquakes/eventpage/us6000ty27,USGS Earthquake Hazards Program,2026-10-04T19:51:31Z
tx2026tbsorg,2.5,2.5 to <4.5,"52 km SSW of Whites City, New Mexico",2026-09-28T01:15:29Z,1790558129698,2026-09-28,5.7922,-104.505,31.717,reviewed,ml,https://earthquake.usgs.gov/earthquakes/eventpage/tx2026tbsorg,USGS Earthquake Hazards Program,2026-10-04T19:51:31Z
pr71534883,3.43,2.5 to <4.5,"19 km SE of La Romana, Dominican Republic",2026-09-28T01:05:11Z,1790557511190,2026-09-28,156.59,-68.8423333333333,18.3016666666667,reviewed,md,https://earthquake.usgs.gov/earthquakes/eventpage/pr71534883,USGS Earthquake Hazards Program,2026-10-04T19:51:31Z
aka2026teuaqx,3.1,2.5 to <4.5,"44 km E of Pedro Bay, Alaska",2026-09-28T01:03:39Z,1790557419347,2026-09-28,138.3,-153.311,59.819,reviewed,ml,https://earthquake.usgs.gov/earthquakes/eventpage/aka2026teuaqx,USGS Earthquake Hazards Program,2026-10-04T19:51:31Z
us6000ty1l,4.9,4.5 to <6,"43 km W of Palauig, Philippines",2026-09-28T00:54:43Z,1790556883108,2026-09-28,10,119.503,15.4374,reviewed,mb,https://earthquake.usgs.gov/earthquakes/eventpage/us6000ty1l,USGS Earthquake Hazards Program,2026-10-04T19:51:31Z
us6000ty1m,4.8,4.5 to <6,"80 km E of Tadine, New Caledonia",2026-09-28T00:47:33Z,1790556453083,2026-09-28,10,168.6452,-21.4457,reviewed,mb,https://earthquake.usgs.gov/earthquakes/eventpage/us6000ty1m,USGS Earthquake Hazards Program,2026-10-04T19:51:31Z
us6000ty1j,4.5,4.5 to <6,"74 km SE of Ossora, Russia",2026-09-28T00:37:59Z,1790555879117,2026-09-28,10,163.9027,58.7371,reviewed,mb,https://earthquake.usgs.gov/earthquakes/eventpage/us6000ty1j,USGS Earthquake Hazards Program,2026-10-04T19:51:31Z
uw714110692,2.56,2.5 to <4.5,"23 km N of Trout Lake, Washington",2026-09-28T00:12:09Z,1790554329330,2026-09-28,-1.07,-121.518666666667,46.2126666666667,reviewed,ml,https://earthquake.usgs.gov/earthquakes/eventpage/uw714110692,USGS Earthquake Hazards Program,2026-10-04T19:51:31Z
us6000ty8e,3,2.5 to <4.5,"73 km WSW of Adak, Alaska",2026-09-28T00:02:23Z,1790553743459,2026-09-28,28.498,-177.551,51.5332,reviewed,ml,https://earthquake.usgs.gov/earthquakes/eventpage/us6000ty8e,USGS Earthquake Hazards Program,2026-10-04T19:51:31Z
us6000ty1a,4.5,4.5 to <6,Fiji region,2026-09-27T23:55:48Z,1790553348800,2026-09-27,602.188,-179.7824,-21.9936,reviewed,mb,https://earthquake.usgs.gov/earthquakes/eventpage/us6000ty1a,USGS Earthquake Hazards Program,2026-10-04T19:51:31Z
tx2026tbppja,2.5,2.5 to <4.5,"59 km NW of Toyah, Texas",2026-09-27T23:45:52Z,1790552752397,2026-09-27,8.4583,-104.312,31.617,reviewed,ml,https://earthquake.usgs.gov/earthquakes/eventpage/tx2026tbppja,USGS Earthquake Hazards Program,2026-10-04T19:51:31Z
us6000ty2n,3.5,2.5 to <4.5,"73 km SSW of Atka, Alaska",2026-09-27T22:09:02Z,1790546942880,2026-09-27,10,-174.5615,51.5777,reviewed,ml,https://earthquake.usgs.gov/earthquakes/eventpage/us6000ty2n,USGS Earthquake Hazards Program,2026-10-04T19:51:31Z
us6000ty0u,4.6,4.5 to <6,"19 km SW of Sipí, Colombia",2026-09-27T21:57:52Z,1790546272827,2026-09-27,70.497,-76.7753,4.5313,reviewed,mb,https://earthquake.usgs.gov/earthquakes/eventpage/us6000ty0u,USGS Earthquake Hazards Program,2026-10-04T19:51:31Z
aka2026tenrvu,2.6,2.5 to <4.5,"37 km ENE of Chase, Alaska",2026-09-27T21:53:36Z,1790546016911,2026-09-27,61.7,-149.453,62.611,automatic,ml,https://earthquake.usgs.gov/earthquakes/eventpage/aka2026tenrvu,USGS Earthquake Hazards Program,2026-10-04T19:51:31Z
us6000ty0q,4.8,4.5 to <6,"2 km W of Guaymate, Dominican Republic",2026-09-27T21:49:48Z,1790545788024,2026-09-27,119.235,-68.9986,18.5869,reviewed,mww,https://earthquake.usgs.gov/earthquakes/eventpage/us6000ty0q,USGS Earthquake Hazards Program,2026-10-04T19:51:31Z
us6000ty2m,3.3,2.5 to <4.5,"271 km SE of Sand Point, Alaska",2026-09-27T21:36:20Z,1790544980167,2026-09-27,10,-157.7326,53.511,reviewed,ml,https://earthquake.usgs.gov/earthquakes/eventpage/us6000ty2m,USGS Earthquake Hazards Program,2026-10-04T19:51:31Z
aka2026temmhr,2.6,2.5 to <4.5,"73 km NNE of Petersville, Alaska",2026-09-27T21:17:13Z,1790543833242,2026-09-27,111.7,-150.41,63.139,automatic,ml,https://earthquake.usgs.gov/earthquakes/eventpage/aka2026temmhr,USGS Earthquake Hazards Program,2026-10-04T19:51:31Z
us6000ty0k,4.5,4.5 to <6,"0 km ESE of Naisano Dua, Indonesia",2026-09-27T21:14:51Z,1790543691832,2026-09-27,35,123.7756,-9.5995,reviewed,mb,https://earthquake.usgs.gov/earthquakes/eventpage/us6000ty0k,USGS Earthquake Hazards Program,2026-10-04T19:51:31Z
us6000ty0j,5,4.5 to <6,South Sandwich Islands region,2026-09-27T21:13:33Z,1790543613366,2026-09-27,103.838,-25.8945,-59.0586,reviewed,mb,https://earthquake.usgs.gov/earthquakes/eventpage/us6000ty0j,USGS Earthquake Hazards Program,2026-10-04T19:51:31Z
us6000ty0g,4.4,2.5 to <4.5,"269 km S of Severo-Kuril’sk, Russia",2026-09-27T20:49:21Z,1790542161865,2026-09-27,10,156.778,48.2909,reviewed,mb,https://earthquake.usgs.gov/earthquakes/eventpage/us6000ty0g,USGS Earthquake Hazards Program,2026-10-04T19:51:31Z
us6000ty0e,4,2.5 to <4.5,"32 km N of Whakatane, New Zealand",2026-09-27T20:49:20Z,1790542160522,2026-09-27,151.349,177.0077,-37.6646,reviewed,mb,https://earthquake.usgs.gov/earthquakes/eventpage/us6000ty0e,USGS Earthquake Hazards Program,2026-10-04T19:51:31Z
